ISO-10303-21;
HEADER;
FILE_DESCRIPTION(('KiCad electronic assembly'),'2;1');
FILE_NAME('Casella.step','2026-04-14T10:57:19',('Pcbnew'),('Kicad'),
  'Open CASCADE STEP processor 7.8','KiCad to STEP converter','Unknown'
  );
FILE_SCHEMA(('AUTOMOTIVE_DESIGN { 1 0 10303 214 1 1 1 1 }'));
ENDSEC;
DATA;
#1 = APPLICATION_PROTOCOL_DEFINITION('international standard',
  'automotive_design',2000,#2);
#2 = APPLICATION_CONTEXT(
  'core data for automotive mechanical design processes');
#3 = SHAPE_DEFINITION_REPRESENTATION(#4,#10);
#4 = PRODUCT_DEFINITION_SHAPE('','',#5);
#5 = PRODUCT_DEFINITION('design','',#6,#9);
#6 = PRODUCT_DEFINITION_FORMATION('','',#7);
#7 = PRODUCT('Casella 1','Casella 1','',(#8));
#8 = PRODUCT_CONTEXT('',#2,'mechanical');
#9 = PRODUCT_DEFINITION_CONTEXT('part definition',#2,'design');
#10 = SHAPE_REPRESENTATION('',(#11,#15,#19,#23),#27);
#11 = AXIS2_PLACEMENT_3D('',#12,#13,#14);
#12 = CARTESIAN_POINT('',(0.,0.,0.));
#13 = DIRECTION('',(0.,0.,1.));
#14 = DIRECTION('',(1.,0.,-0.));
#15 = AXIS2_PLACEMENT_3D('',#16,#17,#18);
#16 = CARTESIAN_POINT('',(188.95,-62.75,1.595));
#17 = DIRECTION('',(0.,0.,1.));
#18 = DIRECTION('',(-1.,1.224646799147E-16,0.));
#19 = AXIS2_PLACEMENT_3D('',#20,#21,#22);
#20 = CARTESIAN_POINT('',(189.,-46.25,1.595));
#21 = DIRECTION('',(0.,0.,1.));
#22 = DIRECTION('',(1.,0.,0.));
#23 = AXIS2_PLACEMENT_3D('',#24,#25,#26);
#24 = CARTESIAN_POINT('',(0.,0.,0.));
#25 = DIRECTION('',(0.,0.,1.));
#26 = DIRECTION('',(1.,0.,-0.));
#27 = ( GEOMETRIC_REPRESENTATION_CONTEXT(3) 
GLOBAL_UNCERTAINTY_ASSIGNED_CONTEXT((#31)) GLOBAL_UNIT_ASSIGNED_CONTEXT(
(#28,#29,#30)) REPRESENTATION_CONTEXT('Context #1',
  '3D Context with UNIT and UNCERTAINTY') );
#28 = ( LENGTH_UNIT() NAMED_UNIT(*) SI_UNIT(.MILLI.,.METRE.) );
#29 = ( NAMED_UNIT(*) PLANE_ANGLE_UNIT() SI_UNIT($,.RADIAN.) );
#30 = ( NAMED_UNIT(*) SI_UNIT($,.STERADIAN.) SOLID_ANGLE_UNIT() );
#31 = UNCERTAINTY_MEASURE_WITH_UNIT(LENGTH_MEASURE(1.E-07),#28,
  'distance_accuracy_value','confusion accuracy');
#32 = PRODUCT_RELATED_PRODUCT_CATEGORY('part',$,(#7));
#33 = SHAPE_DEFINITION_REPRESENTATION(#34,#40);
#34 = PRODUCT_DEFINITION_SHAPE('','',#35);
#35 = PRODUCT_DEFINITION('design','',#36,#39);
#36 = PRODUCT_DEFINITION_FORMATION('','',#37);
#37 = PRODUCT('LED_WS2812B_PLCC4_5.0x5.0mm_P3.2mm',
  'LED_WS2812B_PLCC4_5.0x5.0mm_P3.2mm','',(#38));
#38 = PRODUCT_CONTEXT('',#2,'mechanical');
#39 = PRODUCT_DEFINITION_CONTEXT('part definition',#2,'design');
#40 = ADVANCED_BREP_SHAPE_REPRESENTATION('',(#11,#41),#2308);
#41 = MANIFOLD_SOLID_BREP('',#42);
#42 = CLOSED_SHELL('',(#43,#102,#127,#160,#185,#210,#235,#252,#277,#308,
    #348,#479,#603,#620,#629,#640,#808,#839,#870,#901,#986,#1010,#1088,
    #1119,#1204,#1228,#1306,#1337,#1368,#1399,#1484,#1508,#1586,#1617,
    #1702,#1726,#1804,#1821,#1838,#1855,#1872,#1889,#1906,#1923,#1945,
    #1957,#1969,#1986,#1998,#2015,#2037,#2049,#2066,#2078,#2090,#2107,
    #2124,#2141,#2163,#2175,#2192,#2204,#2216,#2233,#2255,#2267,#2284,
    #2296));
#43 = ADVANCED_FACE('',(#44,#55),#97,.T.);
#44 = FACE_BOUND('',#45,.T.);
#45 = EDGE_LOOP('',(#46));
#46 = ORIENTED_EDGE('',*,*,#47,.T.);
#47 = EDGE_CURVE('',#48,#48,#50,.T.);
#48 = VERTEX_POINT('',#49);
#49 = CARTESIAN_POINT('',(-1.966666666667,2.408472038323E-16,1.6));
#50 = CIRCLE('',#51,1.966666666667);
#51 = AXIS2_PLACEMENT_3D('',#52,#53,#54);
#52 = CARTESIAN_POINT('',(0.,0.,1.6));
#53 = DIRECTION('',(0.,0.,-1.));
#54 = DIRECTION('',(-1.,1.224646799147E-16,0.));
#55 = FACE_BOUND('',#56,.T.);
#56 = EDGE_LOOP('',(#57,#67,#75,#83,#91));
#57 = ORIENTED_EDGE('',*,*,#58,.T.);
#58 = EDGE_CURVE('',#59,#61,#63,.T.);
#59 = VERTEX_POINT('',#60);
#60 = CARTESIAN_POINT('',(1.433400076889,-2.425,1.6));
#61 = VERTEX_POINT('',#62);
#62 = CARTESIAN_POINT('',(2.425,-1.433400076889,1.6));
#63 = LINE('',#64,#65);
#64 = CARTESIAN_POINT('',(1.411433085478,-2.446966991411,1.6));
#65 = VECTOR('',#66,1.);
#66 = DIRECTION('',(0.707106781187,0.707106781187,0.));
#67 = ORIENTED_EDGE('',*,*,#68,.T.);
#68 = EDGE_CURVE('',#61,#69,#71,.T.);
#69 = VERTEX_POINT('',#70);
#70 = CARTESIAN_POINT('',(2.425,2.425,1.6));
#71 = LINE('',#72,#73);
#72 = CARTESIAN_POINT('',(2.425,-1.464466094067,1.6));
#73 = VECTOR('',#74,1.);
#74 = DIRECTION('',(1.224646799147E-16,1.,0.));
#75 = ORIENTED_EDGE('',*,*,#76,.T.);
#76 = EDGE_CURVE('',#69,#77,#79,.T.);
#77 = VERTEX_POINT('',#78);
#78 = CARTESIAN_POINT('',(-2.425,2.425,1.6));
#79 = LINE('',#80,#81);
#80 = CARTESIAN_POINT('',(2.5,2.425,1.6));
#81 = VECTOR('',#82,1.);
#82 = DIRECTION('',(-1.,1.224646799147E-16,0.));
#83 = ORIENTED_EDGE('',*,*,#84,.T.);
#84 = EDGE_CURVE('',#77,#85,#87,.T.);
#85 = VERTEX_POINT('',#86);
#86 = CARTESIAN_POINT('',(-2.425,-2.425,1.6));
#87 = LINE('',#88,#89);
#88 = CARTESIAN_POINT('',(-2.425,2.5,1.6));
#89 = VECTOR('',#90,1.);
#90 = DIRECTION('',(-1.224646799147E-16,-1.,0.));
#91 = ORIENTED_EDGE('',*,*,#92,.T.);
#92 = EDGE_CURVE('',#85,#59,#93,.T.);
#93 = LINE('',#94,#95);
#94 = CARTESIAN_POINT('',(-2.5,-2.425,1.6));
#95 = VECTOR('',#96,1.);
#96 = DIRECTION('',(1.,-1.224646799147E-16,0.));
#97 = PLANE('',#98);
#98 = AXIS2_PLACEMENT_3D('',#99,#100,#101);
#99 = CARTESIAN_POINT('',(0.,0.,1.6));
#100 = DIRECTION('',(0.,0.,1.));
#101 = DIRECTION('',(-1.,1.224646799147E-16,0.));
#102 = ADVANCED_FACE('',(#103),#122,.F.);
#103 = FACE_BOUND('',#104,.F.);
#104 = EDGE_LOOP('',(#105,#113,#114,#115));
#105 = ORIENTED_EDGE('',*,*,#106,.F.);
#106 = EDGE_CURVE('',#48,#107,#109,.T.);
#107 = VERTEX_POINT('',#108);
#108 = CARTESIAN_POINT('',(-1.666666666667,2.041077998579E-16,1.3));
#109 = LINE('',#110,#111);
#110 = CARTESIAN_POINT('',(-1.666666666667,2.041077998579E-16,1.3));
#111 = VECTOR('',#112,1.);
#112 = DIRECTION('',(0.707106781187,-8.659560562349E-17,-0.707106781187)
  );
#113 = ORIENTED_EDGE('',*,*,#47,.T.);
#114 = ORIENTED_EDGE('',*,*,#106,.T.);
#115 = ORIENTED_EDGE('',*,*,#116,.F.);
#116 = EDGE_CURVE('',#107,#107,#117,.T.);
#117 = CIRCLE('',#118,1.666666666667);
#118 = AXIS2_PLACEMENT_3D('',#119,#120,#121);
#119 = CARTESIAN_POINT('',(0.,0.,1.3));
#120 = DIRECTION('',(0.,0.,-1.));
#121 = DIRECTION('',(-1.,1.224646799147E-16,0.));
#122 = CONICAL_SURFACE('',#123,1.666666666667,0.785398163397);
#123 = AXIS2_PLACEMENT_3D('',#124,#125,#126);
#124 = CARTESIAN_POINT('',(0.,0.,1.3));
#125 = DIRECTION('',(0.,0.,1.));
#126 = DIRECTION('',(-1.,1.224646799147E-16,0.));
#127 = ADVANCED_FACE('',(#128),#155,.T.);
#128 = FACE_BOUND('',#129,.T.);
#129 = EDGE_LOOP('',(#130,#139,#147,#154));
#130 = ORIENTED_EDGE('',*,*,#131,.T.);
#131 = EDGE_CURVE('',#59,#132,#134,.T.);
#132 = VERTEX_POINT('',#133);
#133 = CARTESIAN_POINT('',(1.464466094067,-2.5,1.525));
#134 = ELLIPSE('',#135,8.117941502193E-02,7.5E-02);
#135 = AXIS2_PLACEMENT_3D('',#136,#137,#138);
#136 = CARTESIAN_POINT('',(1.433400076889,-2.425,1.525));
#137 = DIRECTION('',(0.923879532511,0.382683432365,-0.));
#138 = DIRECTION('',(-0.382683432365,0.923879532511,0.));
#139 = ORIENTED_EDGE('',*,*,#140,.T.);
#140 = EDGE_CURVE('',#132,#141,#143,.T.);
#141 = VERTEX_POINT('',#142);
#142 = CARTESIAN_POINT('',(2.5,-1.464466094067,1.525));
#143 = LINE('',#144,#145);
#144 = CARTESIAN_POINT('',(1.464466094067,-2.5,1.525));
#145 = VECTOR('',#146,1.);
#146 = DIRECTION('',(0.707106781187,0.707106781187,0.));
#147 = ORIENTED_EDGE('',*,*,#148,.F.);
#148 = EDGE_CURVE('',#61,#141,#149,.T.);
#149 = ELLIPSE('',#150,8.117941502193E-02,7.5E-02);
#150 = AXIS2_PLACEMENT_3D('',#151,#152,#153);
#151 = CARTESIAN_POINT('',(2.425,-1.433400076889,1.525));
#152 = DIRECTION('',(0.382683432365,0.923879532511,0.));
#153 = DIRECTION('',(0.923879532511,-0.382683432365,0.));
#154 = ORIENTED_EDGE('',*,*,#58,.F.);
#155 = CYLINDRICAL_SURFACE('',#156,7.5E-02);
#156 = AXIS2_PLACEMENT_3D('',#157,#158,#159);
#157 = CARTESIAN_POINT('',(1.411433085478,-2.446966991411,1.525));
#158 = DIRECTION('',(0.707106781187,0.707106781187,0.));
#159 = DIRECTION('',(0.,-0.,1.));
#160 = ADVANCED_FACE('',(#161),#180,.T.);
#161 = FACE_BOUND('',#162,.T.);
#162 = EDGE_LOOP('',(#163,#172,#178,#179));
#163 = ORIENTED_EDGE('',*,*,#164,.F.);
#164 = EDGE_CURVE('',#165,#85,#167,.T.);
#165 = VERTEX_POINT('',#166);
#166 = CARTESIAN_POINT('',(-2.5,-2.5,1.525));
#167 = ELLIPSE('',#168,0.106066017178,7.5E-02);
#168 = AXIS2_PLACEMENT_3D('',#169,#170,#171);
#169 = CARTESIAN_POINT('',(-2.425,-2.425,1.525));
#170 = DIRECTION('',(-0.707106781187,0.707106781187,0.));
#171 = DIRECTION('',(-0.707106781187,-0.707106781187,0.));
#172 = ORIENTED_EDGE('',*,*,#173,.T.);
#173 = EDGE_CURVE('',#165,#132,#174,.T.);
#174 = LINE('',#175,#176);
#175 = CARTESIAN_POINT('',(-2.5,-2.5,1.525));
#176 = VECTOR('',#177,1.);
#177 = DIRECTION('',(1.,-1.224646799147E-16,0.));
#178 = ORIENTED_EDGE('',*,*,#131,.F.);
#179 = ORIENTED_EDGE('',*,*,#92,.F.);
#180 = CYLINDRICAL_SURFACE('',#181,7.5E-02);
#181 = AXIS2_PLACEMENT_3D('',#182,#183,#184);
#182 = CARTESIAN_POINT('',(-2.5,-2.425,1.525));
#183 = DIRECTION('',(1.,-1.224646799147E-16,0.));
#184 = DIRECTION('',(0.,0.,1.));
#185 = ADVANCED_FACE('',(#186),#205,.T.);
#186 = FACE_BOUND('',#187,.T.);
#187 = EDGE_LOOP('',(#188,#196,#203,#204));
#188 = ORIENTED_EDGE('',*,*,#189,.T.);
#189 = EDGE_CURVE('',#141,#190,#192,.T.);
#190 = VERTEX_POINT('',#191);
#191 = CARTESIAN_POINT('',(2.5,2.5,1.525));
#192 = LINE('',#193,#194);
#193 = CARTESIAN_POINT('',(2.5,-1.464466094067,1.525));
#194 = VECTOR('',#195,1.);
#195 = DIRECTION('',(1.224646799147E-16,1.,0.));
#196 = ORIENTED_EDGE('',*,*,#197,.T.);
#197 = EDGE_CURVE('',#190,#69,#198,.T.);
#198 = ELLIPSE('',#199,0.106066017178,7.5E-02);
#199 = AXIS2_PLACEMENT_3D('',#200,#201,#202);
#200 = CARTESIAN_POINT('',(2.425,2.425,1.525));
#201 = DIRECTION('',(0.707106781187,-0.707106781187,-0.));
#202 = DIRECTION('',(-0.707106781187,-0.707106781187,0.));
#203 = ORIENTED_EDGE('',*,*,#68,.F.);
#204 = ORIENTED_EDGE('',*,*,#148,.T.);
#205 = CYLINDRICAL_SURFACE('',#206,7.5E-02);
#206 = AXIS2_PLACEMENT_3D('',#207,#208,#209);
#207 = CARTESIAN_POINT('',(2.425,-1.464466094067,1.525));
#208 = DIRECTION('',(1.224646799147E-16,1.,0.));
#209 = DIRECTION('',(1.,-1.224646799147E-16,0.));
#210 = ADVANCED_FACE('',(#211),#230,.T.);
#211 = FACE_BOUND('',#212,.T.);
#212 = EDGE_LOOP('',(#213,#221,#222,#223));
#213 = ORIENTED_EDGE('',*,*,#214,.T.);
#214 = EDGE_CURVE('',#215,#165,#217,.T.);
#215 = VERTEX_POINT('',#216);
#216 = CARTESIAN_POINT('',(-2.5,2.5,1.525));
#217 = LINE('',#218,#219);
#218 = CARTESIAN_POINT('',(-2.5,2.5,1.525));
#219 = VECTOR('',#220,1.);
#220 = DIRECTION('',(-1.224646799147E-16,-1.,0.));
#221 = ORIENTED_EDGE('',*,*,#164,.T.);
#222 = ORIENTED_EDGE('',*,*,#84,.F.);
#223 = ORIENTED_EDGE('',*,*,#224,.F.);
#224 = EDGE_CURVE('',#215,#77,#225,.T.);
#225 = ELLIPSE('',#226,0.106066017178,7.5E-02);
#226 = AXIS2_PLACEMENT_3D('',#227,#228,#229);
#227 = CARTESIAN_POINT('',(-2.425,2.425,1.525));
#228 = DIRECTION('',(0.707106781187,0.707106781187,-0.));
#229 = DIRECTION('',(-0.707106781187,0.707106781187,0.));
#230 = CYLINDRICAL_SURFACE('',#231,7.5E-02);
#231 = AXIS2_PLACEMENT_3D('',#232,#233,#234);
#232 = CARTESIAN_POINT('',(-2.425,2.5,1.525));
#233 = DIRECTION('',(-1.224646799147E-16,-1.,0.));
#234 = DIRECTION('',(-1.,1.224646799147E-16,0.));
#235 = ADVANCED_FACE('',(#236),#247,.T.);
#236 = FACE_BOUND('',#237,.T.);
#237 = EDGE_LOOP('',(#238,#244,#245,#246));
#238 = ORIENTED_EDGE('',*,*,#239,.T.);
#239 = EDGE_CURVE('',#190,#215,#240,.T.);
#240 = LINE('',#241,#242);
#241 = CARTESIAN_POINT('',(2.5,2.5,1.525));
#242 = VECTOR('',#243,1.);
#243 = DIRECTION('',(-1.,1.224646799147E-16,0.));
#244 = ORIENTED_EDGE('',*,*,#224,.T.);
#245 = ORIENTED_EDGE('',*,*,#76,.F.);
#246 = ORIENTED_EDGE('',*,*,#197,.F.);
#247 = CYLINDRICAL_SURFACE('',#248,7.5E-02);
#248 = AXIS2_PLACEMENT_3D('',#249,#250,#251);
#249 = CARTESIAN_POINT('',(2.5,2.425,1.525));
#250 = DIRECTION('',(-1.,1.224646799147E-16,0.));
#251 = DIRECTION('',(1.224646799147E-16,1.,0.));
#252 = ADVANCED_FACE('',(#253),#272,.F.);
#253 = FACE_BOUND('',#254,.F.);
#254 = EDGE_LOOP('',(#255,#263,#264,#265));
#255 = ORIENTED_EDGE('',*,*,#256,.T.);
#256 = EDGE_CURVE('',#257,#107,#259,.T.);
#257 = VERTEX_POINT('',#258);
#258 = CARTESIAN_POINT('',(-1.666666666667,2.041077998579E-16,1.225));
#259 = LINE('',#260,#261);
#260 = CARTESIAN_POINT('',(-1.666666666667,2.041077998579E-16,0.85));
#261 = VECTOR('',#262,1.);
#262 = DIRECTION('',(0.,0.,1.));
#263 = ORIENTED_EDGE('',*,*,#116,.T.);
#264 = ORIENTED_EDGE('',*,*,#256,.F.);
#265 = ORIENTED_EDGE('',*,*,#266,.T.);
#266 = EDGE_CURVE('',#257,#257,#267,.T.);
#267 = CIRCLE('',#268,1.666666666667);
#268 = AXIS2_PLACEMENT_3D('',#269,#270,#271);
#269 = CARTESIAN_POINT('',(0.,0.,1.225));
#270 = DIRECTION('',(0.,0.,1.));
#271 = DIRECTION('',(-1.,1.224646799147E-16,0.));
#272 = CYLINDRICAL_SURFACE('',#273,1.666666666667);
#273 = AXIS2_PLACEMENT_3D('',#274,#275,#276);
#274 = CARTESIAN_POINT('',(0.,0.,0.85));
#275 = DIRECTION('',(0.,0.,-1.));
#276 = DIRECTION('',(-1.,1.224646799147E-16,0.));
#277 = ADVANCED_FACE('',(#278),#303,.T.);
#278 = FACE_BOUND('',#279,.T.);
#279 = EDGE_LOOP('',(#280,#288,#296,#302));
#280 = ORIENTED_EDGE('',*,*,#281,.T.);
#281 = EDGE_CURVE('',#132,#282,#284,.T.);
#282 = VERTEX_POINT('',#283);
#283 = CARTESIAN_POINT('',(1.464466094067,-2.5,1.3));
#284 = LINE('',#285,#286);
#285 = CARTESIAN_POINT('',(1.464466094067,-2.5,0.7));
#286 = VECTOR('',#287,1.);
#287 = DIRECTION('',(0.,0.,-1.));
#288 = ORIENTED_EDGE('',*,*,#289,.F.);
#289 = EDGE_CURVE('',#290,#282,#292,.T.);
#290 = VERTEX_POINT('',#291);
#291 = CARTESIAN_POINT('',(2.5,-1.464466094067,1.3));
#292 = LINE('',#293,#294);
#293 = CARTESIAN_POINT('',(3.75,-0.214466094067,1.3));
#294 = VECTOR('',#295,1.);
#295 = DIRECTION('',(-0.707106781187,-0.707106781187,0.));
#296 = ORIENTED_EDGE('',*,*,#297,.T.);
#297 = EDGE_CURVE('',#290,#141,#298,.T.);
#298 = LINE('',#299,#300);
#299 = CARTESIAN_POINT('',(2.5,-1.464466094067,0.7));
#300 = VECTOR('',#301,1.);
#301 = DIRECTION('',(0.,0.,1.));
#302 = ORIENTED_EDGE('',*,*,#140,.F.);
#303 = PLANE('',#304);
#304 = AXIS2_PLACEMENT_3D('',#305,#306,#307);
#305 = CARTESIAN_POINT('',(3.75,-0.214466094067,1.3));
#306 = DIRECTION('',(0.707106781187,-0.707106781187,0.));
#307 = DIRECTION('',(-0.707106781187,-0.707106781187,0.));
#308 = ADVANCED_FACE('',(#309),#343,.F.);
#309 = FACE_BOUND('',#310,.F.);
#310 = EDGE_LOOP('',(#311,#312,#320,#328,#336,#342));
#311 = ORIENTED_EDGE('',*,*,#281,.T.);
#312 = ORIENTED_EDGE('',*,*,#313,.T.);
#313 = EDGE_CURVE('',#282,#314,#316,.T.);
#314 = VERTEX_POINT('',#315);
#315 = CARTESIAN_POINT('',(2.5,-2.5,1.3));
#316 = LINE('',#317,#318);
#317 = CARTESIAN_POINT('',(0.625,-2.5,1.3));
#318 = VECTOR('',#319,1.);
#319 = DIRECTION('',(1.,-1.224646799147E-16,0.));
#320 = ORIENTED_EDGE('',*,*,#321,.F.);
#321 = EDGE_CURVE('',#322,#314,#324,.T.);
#322 = VERTEX_POINT('',#323);
#323 = CARTESIAN_POINT('',(2.5,-2.5,0.1));
#324 = LINE('',#325,#326);
#325 = CARTESIAN_POINT('',(2.5,-2.5,0.1));
#326 = VECTOR('',#327,1.);
#327 = DIRECTION('',(0.,0.,1.));
#328 = ORIENTED_EDGE('',*,*,#329,.F.);
#329 = EDGE_CURVE('',#330,#322,#332,.T.);
#330 = VERTEX_POINT('',#331);
#331 = CARTESIAN_POINT('',(-2.5,-2.5,0.1));
#332 = LINE('',#333,#334);
#333 = CARTESIAN_POINT('',(-2.5,-2.5,0.1));
#334 = VECTOR('',#335,1.);
#335 = DIRECTION('',(1.,-1.224646799147E-16,0.));
#336 = ORIENTED_EDGE('',*,*,#337,.T.);
#337 = EDGE_CURVE('',#330,#165,#338,.T.);
#338 = LINE('',#339,#340);
#339 = CARTESIAN_POINT('',(-2.5,-2.5,0.1));
#340 = VECTOR('',#341,1.);
#341 = DIRECTION('',(0.,0.,1.));
#342 = ORIENTED_EDGE('',*,*,#173,.T.);
#343 = PLANE('',#344);
#344 = AXIS2_PLACEMENT_3D('',#345,#346,#347);
#345 = CARTESIAN_POINT('',(-2.5,-2.5,0.1));
#346 = DIRECTION('',(1.224646799147E-16,1.,0.));
#347 = DIRECTION('',(1.,-1.224646799147E-16,0.));
#348 = ADVANCED_FACE('',(#349,#406,#440),#474,.F.);
#349 = FACE_BOUND('',#350,.F.);
#350 = EDGE_LOOP('',(#351,#359,#367,#375,#383,#391,#397,#398,#404,#405)
  );
#351 = ORIENTED_EDGE('',*,*,#352,.F.);
#352 = EDGE_CURVE('',#353,#190,#355,.T.);
#353 = VERTEX_POINT('',#354);
#354 = CARTESIAN_POINT('',(2.5,2.5,0.1));
#355 = LINE('',#356,#357);
#356 = CARTESIAN_POINT('',(2.5,2.5,0.1));
#357 = VECTOR('',#358,1.);
#358 = DIRECTION('',(0.,0.,1.));
#359 = ORIENTED_EDGE('',*,*,#360,.F.);
#360 = EDGE_CURVE('',#361,#353,#363,.T.);
#361 = VERTEX_POINT('',#362);
#362 = CARTESIAN_POINT('',(2.5,2.1,0.1));
#363 = LINE('',#364,#365);
#364 = CARTESIAN_POINT('',(2.5,-2.5,0.1));
#365 = VECTOR('',#366,1.);
#366 = DIRECTION('',(1.224646799147E-16,1.,0.));
#367 = ORIENTED_EDGE('',*,*,#368,.F.);
#368 = EDGE_CURVE('',#369,#361,#371,.T.);
#369 = VERTEX_POINT('',#370);
#370 = CARTESIAN_POINT('',(2.5,1.2,0.1));
#371 = LINE('',#372,#373);
#372 = CARTESIAN_POINT('',(2.5,-2.5,0.1));
#373 = VECTOR('',#374,1.);
#374 = DIRECTION('',(1.224646799147E-16,1.,0.));
#375 = ORIENTED_EDGE('',*,*,#376,.F.);
#376 = EDGE_CURVE('',#377,#369,#379,.T.);
#377 = VERTEX_POINT('',#378);
#378 = CARTESIAN_POINT('',(2.5,-1.2,0.1));
#379 = LINE('',#380,#381);
#380 = CARTESIAN_POINT('',(2.5,-2.5,0.1));
#381 = VECTOR('',#382,1.);
#382 = DIRECTION('',(1.224646799147E-16,1.,0.));
#383 = ORIENTED_EDGE('',*,*,#384,.F.);
#384 = EDGE_CURVE('',#385,#377,#387,.T.);
#385 = VERTEX_POINT('',#386);
#386 = CARTESIAN_POINT('',(2.5,-2.1,0.1));
#387 = LINE('',#388,#389);
#388 = CARTESIAN_POINT('',(2.5,-2.5,0.1));
#389 = VECTOR('',#390,1.);
#390 = DIRECTION('',(1.224646799147E-16,1.,0.));
#391 = ORIENTED_EDGE('',*,*,#392,.F.);
#392 = EDGE_CURVE('',#322,#385,#393,.T.);
#393 = LINE('',#394,#395);
#394 = CARTESIAN_POINT('',(2.5,-2.5,0.1));
#395 = VECTOR('',#396,1.);
#396 = DIRECTION('',(1.224646799147E-16,1.,0.));
#397 = ORIENTED_EDGE('',*,*,#321,.T.);
#398 = ORIENTED_EDGE('',*,*,#399,.T.);
#399 = EDGE_CURVE('',#314,#290,#400,.T.);
#400 = LINE('',#401,#402);
#401 = CARTESIAN_POINT('',(2.5,-3.125,1.3));
#402 = VECTOR('',#403,1.);
#403 = DIRECTION('',(1.224646799147E-16,1.,0.));
#404 = ORIENTED_EDGE('',*,*,#297,.T.);
#405 = ORIENTED_EDGE('',*,*,#189,.T.);
#406 = FACE_BOUND('',#407,.F.);
#407 = EDGE_LOOP('',(#408,#418,#426,#434));
#408 = ORIENTED_EDGE('',*,*,#409,.T.);
#409 = EDGE_CURVE('',#410,#412,#414,.T.);
#410 = VERTEX_POINT('',#411);
#411 = CARTESIAN_POINT('',(2.5,1.2,0.9));
#412 = VERTEX_POINT('',#413);
#413 = CARTESIAN_POINT('',(2.5,2.1,0.9));
#414 = LINE('',#415,#416);
#415 = CARTESIAN_POINT('',(2.5,-0.425,0.9));
#416 = VECTOR('',#417,1.);
#417 = DIRECTION('',(1.224646799147E-16,1.,-1.556307025767E-32));
#418 = ORIENTED_EDGE('',*,*,#419,.T.);
#419 = EDGE_CURVE('',#412,#420,#422,.T.);
#420 = VERTEX_POINT('',#421);
#421 = CARTESIAN_POINT('',(2.5,2.1,1.));
#422 = LINE('',#423,#424);
#423 = CARTESIAN_POINT('',(2.5,2.1,5.E-02));
#424 = VECTOR('',#425,1.);
#425 = DIRECTION('',(0.,0.,1.));
#426 = ORIENTED_EDGE('',*,*,#427,.F.);
#427 = EDGE_CURVE('',#428,#420,#430,.T.);
#428 = VERTEX_POINT('',#429);
#429 = CARTESIAN_POINT('',(2.5,1.2,1.));
#430 = LINE('',#431,#432);
#431 = CARTESIAN_POINT('',(2.5,-0.425,1.));
#432 = VECTOR('',#433,1.);
#433 = DIRECTION('',(1.224646799147E-16,1.,0.));
#434 = ORIENTED_EDGE('',*,*,#435,.T.);
#435 = EDGE_CURVE('',#428,#410,#436,.T.);
#436 = LINE('',#437,#438);
#437 = CARTESIAN_POINT('',(2.5,1.2,5.E-02));
#438 = VECTOR('',#439,1.);
#439 = DIRECTION('',(-0.,0.,-1.));
#440 = FACE_BOUND('',#441,.F.);
#441 = EDGE_LOOP('',(#442,#452,#460,#468));
#442 = ORIENTED_EDGE('',*,*,#443,.F.);
#443 = EDGE_CURVE('',#444,#446,#448,.T.);
#444 = VERTEX_POINT('',#445);
#445 = CARTESIAN_POINT('',(2.5,-2.1,1.));
#446 = VERTEX_POINT('',#447);
#447 = CARTESIAN_POINT('',(2.5,-1.2,1.));
#448 = LINE('',#449,#450);
#449 = CARTESIAN_POINT('',(2.5,-2.075,1.));
#450 = VECTOR('',#451,1.);
#451 = DIRECTION('',(1.224646799147E-16,1.,0.));
#452 = ORIENTED_EDGE('',*,*,#453,.T.);
#453 = EDGE_CURVE('',#444,#454,#456,.T.);
#454 = VERTEX_POINT('',#455);
#455 = CARTESIAN_POINT('',(2.5,-2.1,0.9));
#456 = LINE('',#457,#458);
#457 = CARTESIAN_POINT('',(2.5,-2.1,5.E-02));
#458 = VECTOR('',#459,1.);
#459 = DIRECTION('',(-0.,0.,-1.));
#460 = ORIENTED_EDGE('',*,*,#461,.T.);
#461 = EDGE_CURVE('',#454,#462,#464,.T.);
#462 = VERTEX_POINT('',#463);
#463 = CARTESIAN_POINT('',(2.5,-1.2,0.9));
#464 = LINE('',#465,#466);
#465 = CARTESIAN_POINT('',(2.5,-2.075,0.9));
#466 = VECTOR('',#467,1.);
#467 = DIRECTION('',(1.224646799147E-16,1.,-3.890767564419E-33));
#468 = ORIENTED_EDGE('',*,*,#469,.T.);
#469 = EDGE_CURVE('',#462,#446,#470,.T.);
#470 = LINE('',#471,#472);
#471 = CARTESIAN_POINT('',(2.5,-1.2,5.E-02));
#472 = VECTOR('',#473,1.);
#473 = DIRECTION('',(0.,0.,1.));
#474 = PLANE('',#475);
#475 = AXIS2_PLACEMENT_3D('',#476,#477,#478);
#476 = CARTESIAN_POINT('',(2.5,-2.5,0.1));
#477 = DIRECTION('',(-1.,1.224646799147E-16,0.));
#478 = DIRECTION('',(1.224646799147E-16,1.,0.));
#479 = ADVANCED_FACE('',(#480,#530,#564),#598,.F.);
#480 = FACE_BOUND('',#481,.F.);
#481 = EDGE_LOOP('',(#482,#490,#491,#492,#500,#508,#516,#524));
#482 = ORIENTED_EDGE('',*,*,#483,.T.);
#483 = EDGE_CURVE('',#484,#215,#486,.T.);
#484 = VERTEX_POINT('',#485);
#485 = CARTESIAN_POINT('',(-2.5,2.5,0.1));
#486 = LINE('',#487,#488);
#487 = CARTESIAN_POINT('',(-2.5,2.5,0.1));
#488 = VECTOR('',#489,1.);
#489 = DIRECTION('',(0.,0.,1.));
#490 = ORIENTED_EDGE('',*,*,#214,.T.);
#491 = ORIENTED_EDGE('',*,*,#337,.F.);
#492 = ORIENTED_EDGE('',*,*,#493,.F.);
#493 = EDGE_CURVE('',#494,#330,#496,.T.);
#494 = VERTEX_POINT('',#495);
#495 = CARTESIAN_POINT('',(-2.5,-2.1,0.1));
#496 = LINE('',#497,#498);
#497 = CARTESIAN_POINT('',(-2.5,2.5,0.1));
#498 = VECTOR('',#499,1.);
#499 = DIRECTION('',(-1.224646799147E-16,-1.,0.));
#500 = ORIENTED_EDGE('',*,*,#501,.F.);
#501 = EDGE_CURVE('',#502,#494,#504,.T.);
#502 = VERTEX_POINT('',#503);
#503 = CARTESIAN_POINT('',(-2.5,-1.2,0.1));
#504 = LINE('',#505,#506);
#505 = CARTESIAN_POINT('',(-2.5,2.5,0.1));
#506 = VECTOR('',#507,1.);
#507 = DIRECTION('',(-1.224646799147E-16,-1.,0.));
#508 = ORIENTED_EDGE('',*,*,#509,.F.);
#509 = EDGE_CURVE('',#510,#502,#512,.T.);
#510 = VERTEX_POINT('',#511);
#511 = CARTESIAN_POINT('',(-2.5,1.2,0.1));
#512 = LINE('',#513,#514);
#513 = CARTESIAN_POINT('',(-2.5,2.5,0.1));
#514 = VECTOR('',#515,1.);
#515 = DIRECTION('',(-1.224646799147E-16,-1.,0.));
#516 = ORIENTED_EDGE('',*,*,#517,.F.);
#517 = EDGE_CURVE('',#518,#510,#520,.T.);
#518 = VERTEX_POINT('',#519);
#519 = CARTESIAN_POINT('',(-2.5,2.1,0.1));
#520 = LINE('',#521,#522);
#521 = CARTESIAN_POINT('',(-2.5,2.5,0.1));
#522 = VECTOR('',#523,1.);
#523 = DIRECTION('',(-1.224646799147E-16,-1.,0.));
#524 = ORIENTED_EDGE('',*,*,#525,.F.);
#525 = EDGE_CURVE('',#484,#518,#526,.T.);
#526 = LINE('',#527,#528);
#527 = CARTESIAN_POINT('',(-2.5,2.5,0.1));
#528 = VECTOR('',#529,1.);
#529 = DIRECTION('',(-1.224646799147E-16,-1.,0.));
#530 = FACE_BOUND('',#531,.F.);
#531 = EDGE_LOOP('',(#532,#542,#550,#558));
#532 = ORIENTED_EDGE('',*,*,#533,.F.);
#533 = EDGE_CURVE('',#534,#536,#538,.T.);
#534 = VERTEX_POINT('',#535);
#535 = CARTESIAN_POINT('',(-2.5,-1.2,1.));
#536 = VERTEX_POINT('',#537);
#537 = CARTESIAN_POINT('',(-2.5,-2.1,1.));
#538 = LINE('',#539,#540);
#539 = CARTESIAN_POINT('',(-2.5,0.425,1.));
#540 = VECTOR('',#541,1.);
#541 = DIRECTION('',(-1.224646799147E-16,-1.,0.));
#542 = ORIENTED_EDGE('',*,*,#543,.T.);
#543 = EDGE_CURVE('',#534,#544,#546,.T.);
#544 = VERTEX_POINT('',#545);
#545 = CARTESIAN_POINT('',(-2.5,-1.2,0.9));
#546 = LINE('',#547,#548);
#547 = CARTESIAN_POINT('',(-2.5,-1.2,5.E-02));
#548 = VECTOR('',#549,1.);
#549 = DIRECTION('',(-0.,0.,-1.));
#550 = ORIENTED_EDGE('',*,*,#551,.T.);
#551 = EDGE_CURVE('',#544,#552,#554,.T.);
#552 = VERTEX_POINT('',#553);
#553 = CARTESIAN_POINT('',(-2.5,-2.1,0.9));
#554 = LINE('',#555,#556);
#555 = CARTESIAN_POINT('',(-2.5,0.425,0.9));
#556 = VECTOR('',#557,1.);
#557 = DIRECTION('',(-1.224646799147E-16,-1.,3.890767564419E-33));
#558 = ORIENTED_EDGE('',*,*,#559,.T.);
#559 = EDGE_CURVE('',#552,#536,#560,.T.);
#560 = LINE('',#561,#562);
#561 = CARTESIAN_POINT('',(-2.5,-2.1,5.E-02));
#562 = VECTOR('',#563,1.);
#563 = DIRECTION('',(0.,0.,1.));
#564 = FACE_BOUND('',#565,.F.);
#565 = EDGE_LOOP('',(#566,#576,#584,#592));
#566 = ORIENTED_EDGE('',*,*,#567,.F.);
#567 = EDGE_CURVE('',#568,#570,#572,.T.);
#568 = VERTEX_POINT('',#569);
#569 = CARTESIAN_POINT('',(-2.5,2.1,1.));
#570 = VERTEX_POINT('',#571);
#571 = CARTESIAN_POINT('',(-2.5,1.2,1.));
#572 = LINE('',#573,#574);
#573 = CARTESIAN_POINT('',(-2.5,2.075,1.));
#574 = VECTOR('',#575,1.);
#575 = DIRECTION('',(-1.224646799147E-16,-1.,0.));
#576 = ORIENTED_EDGE('',*,*,#577,.T.);
#577 = EDGE_CURVE('',#568,#578,#580,.T.);
#578 = VERTEX_POINT('',#579);
#579 = CARTESIAN_POINT('',(-2.5,2.1,0.9));
#580 = LINE('',#581,#582);
#581 = CARTESIAN_POINT('',(-2.5,2.1,5.E-02));
#582 = VECTOR('',#583,1.);
#583 = DIRECTION('',(-0.,0.,-1.));
#584 = ORIENTED_EDGE('',*,*,#585,.T.);
#585 = EDGE_CURVE('',#578,#586,#588,.T.);
#586 = VERTEX_POINT('',#587);
#587 = CARTESIAN_POINT('',(-2.5,1.2,0.9));
#588 = LINE('',#589,#590);
#589 = CARTESIAN_POINT('',(-2.5,2.075,0.9));
#590 = VECTOR('',#591,1.);
#591 = DIRECTION('',(-1.224646799147E-16,-1.,1.556307025767E-32));
#592 = ORIENTED_EDGE('',*,*,#593,.T.);
#593 = EDGE_CURVE('',#586,#570,#594,.T.);
#594 = LINE('',#595,#596);
#595 = CARTESIAN_POINT('',(-2.5,1.2,5.E-02));
#596 = VECTOR('',#597,1.);
#597 = DIRECTION('',(0.,0.,1.));
#598 = PLANE('',#599);
#599 = AXIS2_PLACEMENT_3D('',#600,#601,#602);
#600 = CARTESIAN_POINT('',(-2.5,2.5,0.1));
#601 = DIRECTION('',(1.,-1.224646799147E-16,0.));
#602 = DIRECTION('',(-1.224646799147E-16,-1.,0.));
#603 = ADVANCED_FACE('',(#604),#615,.F.);
#604 = FACE_BOUND('',#605,.F.);
#605 = EDGE_LOOP('',(#606,#607,#608,#609));
#606 = ORIENTED_EDGE('',*,*,#352,.T.);
#607 = ORIENTED_EDGE('',*,*,#239,.T.);
#608 = ORIENTED_EDGE('',*,*,#483,.F.);
#609 = ORIENTED_EDGE('',*,*,#610,.F.);
#610 = EDGE_CURVE('',#353,#484,#611,.T.);
#611 = LINE('',#612,#613);
#612 = CARTESIAN_POINT('',(2.5,2.5,0.1));
#613 = VECTOR('',#614,1.);
#614 = DIRECTION('',(-1.,1.224646799147E-16,0.));
#615 = PLANE('',#616);
#616 = AXIS2_PLACEMENT_3D('',#617,#618,#619);
#617 = CARTESIAN_POINT('',(2.5,2.5,0.1));
#618 = DIRECTION('',(-1.224646799147E-16,-1.,0.));
#619 = DIRECTION('',(-1.,1.224646799147E-16,0.));
#620 = ADVANCED_FACE('',(#621),#624,.T.);
#621 = FACE_BOUND('',#622,.T.);
#622 = EDGE_LOOP('',(#623));
#623 = ORIENTED_EDGE('',*,*,#266,.T.);
#624 = PLANE('',#625);
#625 = AXIS2_PLACEMENT_3D('',#626,#627,#628);
#626 = CARTESIAN_POINT('',(1.538370149107E-16,-1.370800865949E-16,1.225)
  );
#627 = DIRECTION('',(0.,0.,1.));
#628 = DIRECTION('',(-1.,1.224646799147E-16,0.));
#629 = ADVANCED_FACE('',(#630),#635,.T.);
#630 = FACE_BOUND('',#631,.T.);
#631 = EDGE_LOOP('',(#632,#633,#634));
#632 = ORIENTED_EDGE('',*,*,#399,.T.);
#633 = ORIENTED_EDGE('',*,*,#289,.T.);
#634 = ORIENTED_EDGE('',*,*,#313,.T.);
#635 = PLANE('',#636);
#636 = AXIS2_PLACEMENT_3D('',#637,#638,#639);
#637 = CARTESIAN_POINT('',(3.75,-3.75,1.3));
#638 = DIRECTION('',(0.,0.,1.));
#639 = DIRECTION('',(-0.707106781187,-0.707106781187,0.));
#640 = ADVANCED_FACE('',(#641),#803,.F.);
#641 = FACE_BOUND('',#642,.F.);
#642 = EDGE_LOOP('',(#643,#644,#645,#646,#654,#662,#670,#678,#684,#685,
    #693,#701,#709,#717,#723,#724,#725,#726,#734,#742,#750,#758,#764,
    #765,#773,#781,#789,#797));
#643 = ORIENTED_EDGE('',*,*,#360,.T.);
#644 = ORIENTED_EDGE('',*,*,#610,.T.);
#645 = ORIENTED_EDGE('',*,*,#525,.T.);
#646 = ORIENTED_EDGE('',*,*,#647,.F.);
#647 = EDGE_CURVE('',#648,#518,#650,.T.);
#648 = VERTEX_POINT('',#649);
#649 = CARTESIAN_POINT('',(-1.95,2.1,0.1));
#650 = LINE('',#651,#652);
#651 = CARTESIAN_POINT('',(-2.025,2.1,0.1));
#652 = VECTOR('',#653,1.);
#653 = DIRECTION('',(-1.,1.224646799147E-16,-4.996063166392E-32));
#654 = ORIENTED_EDGE('',*,*,#655,.T.);
#655 = EDGE_CURVE('',#648,#656,#658,.T.);
#656 = VERTEX_POINT('',#657);
#657 = CARTESIAN_POINT('',(-1.8,2.1,0.1));
#658 = LINE('',#659,#660);
#659 = CARTESIAN_POINT('',(-0.9,2.1,0.1));
#660 = VECTOR('',#661,1.);
#661 = DIRECTION('',(1.,-1.224646799147E-16,0.));
#662 = ORIENTED_EDGE('',*,*,#663,.T.);
#663 = EDGE_CURVE('',#656,#664,#666,.T.);
#664 = VERTEX_POINT('',#665);
#665 = CARTESIAN_POINT('',(-1.8,1.2,0.1));
#666 = LINE('',#667,#668);
#667 = CARTESIAN_POINT('',(-1.8,0.6,0.1));
#668 = VECTOR('',#669,1.);
#669 = DIRECTION('',(-1.224646799147E-16,-1.,0.));
#670 = ORIENTED_EDGE('',*,*,#671,.T.);
#671 = EDGE_CURVE('',#664,#672,#674,.T.);
#672 = VERTEX_POINT('',#673);
#673 = CARTESIAN_POINT('',(-1.95,1.2,0.1));
#674 = LINE('',#675,#676);
#675 = CARTESIAN_POINT('',(-1.35,1.2,0.1));
#676 = VECTOR('',#677,1.);
#677 = DIRECTION('',(-1.,1.224646799147E-16,0.));
#678 = ORIENTED_EDGE('',*,*,#679,.F.);
#679 = EDGE_CURVE('',#510,#672,#680,.T.);
#680 = LINE('',#681,#682);
#681 = CARTESIAN_POINT('',(-2.475,1.2,0.1));
#682 = VECTOR('',#683,1.);
#683 = DIRECTION('',(1.,-1.224646799147E-16,4.996063166392E-32));
#684 = ORIENTED_EDGE('',*,*,#509,.T.);
#685 = ORIENTED_EDGE('',*,*,#686,.F.);
#686 = EDGE_CURVE('',#687,#502,#689,.T.);
#687 = VERTEX_POINT('',#688);
#688 = CARTESIAN_POINT('',(-1.95,-1.2,0.1));
#689 = LINE('',#690,#691);
#690 = CARTESIAN_POINT('',(-2.025,-1.2,0.1));
#691 = VECTOR('',#692,1.);
#692 = DIRECTION('',(-1.,1.224646799147E-16,-4.996063166392E-32));
#693 = ORIENTED_EDGE('',*,*,#694,.T.);
#694 = EDGE_CURVE('',#687,#695,#697,.T.);
#695 = VERTEX_POINT('',#696);
#696 = CARTESIAN_POINT('',(-1.8,-1.2,0.1));
#697 = LINE('',#698,#699);
#698 = CARTESIAN_POINT('',(-0.9,-1.2,0.1));
#699 = VECTOR('',#700,1.);
#700 = DIRECTION('',(1.,-1.224646799147E-16,0.));
#701 = ORIENTED_EDGE('',*,*,#702,.T.);
#702 = EDGE_CURVE('',#695,#703,#705,.T.);
#703 = VERTEX_POINT('',#704);
#704 = CARTESIAN_POINT('',(-1.8,-2.1,0.1));
#705 = LINE('',#706,#707);
#706 = CARTESIAN_POINT('',(-1.8,-1.05,0.1));
#707 = VECTOR('',#708,1.);
#708 = DIRECTION('',(-1.224646799147E-16,-1.,0.));
#709 = ORIENTED_EDGE('',*,*,#710,.T.);
#710 = EDGE_CURVE('',#703,#711,#713,.T.);
#711 = VERTEX_POINT('',#712);
#712 = CARTESIAN_POINT('',(-1.95,-2.1,0.1));
#713 = LINE('',#714,#715);
#714 = CARTESIAN_POINT('',(-1.35,-2.1,0.1));
#715 = VECTOR('',#716,1.);
#716 = DIRECTION('',(-1.,1.224646799147E-16,0.));
#717 = ORIENTED_EDGE('',*,*,#718,.F.);
#718 = EDGE_CURVE('',#494,#711,#719,.T.);
#719 = LINE('',#720,#721);
#720 = CARTESIAN_POINT('',(-2.475,-2.1,0.1));
#721 = VECTOR('',#722,1.);
#722 = DIRECTION('',(1.,-1.224646799147E-16,4.996063166392E-32));
#723 = ORIENTED_EDGE('',*,*,#493,.T.);
#724 = ORIENTED_EDGE('',*,*,#329,.T.);
#725 = ORIENTED_EDGE('',*,*,#392,.T.);
#726 = ORIENTED_EDGE('',*,*,#727,.F.);
#727 = EDGE_CURVE('',#728,#385,#730,.T.);
#728 = VERTEX_POINT('',#729);
#729 = CARTESIAN_POINT('',(1.95,-2.1,0.1));
#730 = LINE('',#731,#732);
#731 = CARTESIAN_POINT('',(2.025,-2.1,0.1));
#732 = VECTOR('',#733,1.);
#733 = DIRECTION('',(1.,-1.224646799147E-16,-4.996063166392E-32));
#734 = ORIENTED_EDGE('',*,*,#735,.T.);
#735 = EDGE_CURVE('',#728,#736,#738,.T.);
#736 = VERTEX_POINT('',#737);
#737 = CARTESIAN_POINT('',(1.8,-2.1,0.1));
#738 = LINE('',#739,#740);
#739 = CARTESIAN_POINT('',(0.9,-2.1,0.1));
#740 = VECTOR('',#741,1.);
#741 = DIRECTION('',(-1.,1.224646799147E-16,0.));
#742 = ORIENTED_EDGE('',*,*,#743,.T.);
#743 = EDGE_CURVE('',#736,#744,#746,.T.);
#744 = VERTEX_POINT('',#745);
#745 = CARTESIAN_POINT('',(1.8,-1.2,0.1));
#746 = LINE('',#747,#748);
#747 = CARTESIAN_POINT('',(1.8,-0.6,0.1));
#748 = VECTOR('',#749,1.);
#749 = DIRECTION('',(1.224646799147E-16,1.,0.));
#750 = ORIENTED_EDGE('',*,*,#751,.T.);
#751 = EDGE_CURVE('',#744,#752,#754,.T.);
#752 = VERTEX_POINT('',#753);
#753 = CARTESIAN_POINT('',(1.95,-1.2,0.1));
#754 = LINE('',#755,#756);
#755 = CARTESIAN_POINT('',(1.35,-1.2,0.1));
#756 = VECTOR('',#757,1.);
#757 = DIRECTION('',(1.,-1.224646799147E-16,0.));
#758 = ORIENTED_EDGE('',*,*,#759,.F.);
#759 = EDGE_CURVE('',#377,#752,#760,.T.);
#760 = LINE('',#761,#762);
#761 = CARTESIAN_POINT('',(2.475,-1.2,0.1));
#762 = VECTOR('',#763,1.);
#763 = DIRECTION('',(-1.,1.224646799147E-16,4.996063166392E-32));
#764 = ORIENTED_EDGE('',*,*,#376,.T.);
#765 = ORIENTED_EDGE('',*,*,#766,.F.);
#766 = EDGE_CURVE('',#767,#369,#769,.T.);
#767 = VERTEX_POINT('',#768);
#768 = CARTESIAN_POINT('',(1.95,1.2,0.1));
#769 = LINE('',#770,#771);
#770 = CARTESIAN_POINT('',(2.025,1.2,0.1));
#771 = VECTOR('',#772,1.);
#772 = DIRECTION('',(1.,-1.224646799147E-16,-4.996063166392E-32));
#773 = ORIENTED_EDGE('',*,*,#774,.T.);
#774 = EDGE_CURVE('',#767,#775,#777,.T.);
#775 = VERTEX_POINT('',#776);
#776 = CARTESIAN_POINT('',(1.8,1.2,0.1));
#777 = LINE('',#778,#779);
#778 = CARTESIAN_POINT('',(0.9,1.2,0.1));
#779 = VECTOR('',#780,1.);
#780 = DIRECTION('',(-1.,1.224646799147E-16,0.));
#781 = ORIENTED_EDGE('',*,*,#782,.T.);
#782 = EDGE_CURVE('',#775,#783,#785,.T.);
#783 = VERTEX_POINT('',#784);
#784 = CARTESIAN_POINT('',(1.8,2.1,0.1));
#785 = LINE('',#786,#787);
#786 = CARTESIAN_POINT('',(1.8,1.05,0.1));
#787 = VECTOR('',#788,1.);
#788 = DIRECTION('',(1.224646799147E-16,1.,0.));
#789 = ORIENTED_EDGE('',*,*,#790,.T.);
#790 = EDGE_CURVE('',#783,#791,#793,.T.);
#791 = VERTEX_POINT('',#792);
#792 = CARTESIAN_POINT('',(1.95,2.1,0.1));
#793 = LINE('',#794,#795);
#794 = CARTESIAN_POINT('',(1.35,2.1,0.1));
#795 = VECTOR('',#796,1.);
#796 = DIRECTION('',(1.,-1.224646799147E-16,0.));
#797 = ORIENTED_EDGE('',*,*,#798,.F.);
#798 = EDGE_CURVE('',#361,#791,#799,.T.);
#799 = LINE('',#800,#801);
#800 = CARTESIAN_POINT('',(2.475,2.1,0.1));
#801 = VECTOR('',#802,1.);
#802 = DIRECTION('',(-1.,1.224646799147E-16,4.996063166392E-32));
#803 = PLANE('',#804);
#804 = AXIS2_PLACEMENT_3D('',#805,#806,#807);
#805 = CARTESIAN_POINT('',(0.,0.,0.1));
#806 = DIRECTION('',(0.,0.,1.));
#807 = DIRECTION('',(-1.,1.224646799147E-16,0.));
#808 = ADVANCED_FACE('',(#809),#834,.T.);
#809 = FACE_BOUND('',#810,.T.);
#810 = EDGE_LOOP('',(#811,#821,#827,#828));
#811 = ORIENTED_EDGE('',*,*,#812,.T.);
#812 = EDGE_CURVE('',#813,#815,#817,.T.);
#813 = VERTEX_POINT('',#814);
#814 = CARTESIAN_POINT('',(2.55,1.2,0.1));
#815 = VERTEX_POINT('',#816);
#816 = CARTESIAN_POINT('',(2.55,2.1,0.1));
#817 = LINE('',#818,#819);
#818 = CARTESIAN_POINT('',(2.55,1.1,0.1));
#819 = VECTOR('',#820,1.);
#820 = DIRECTION('',(1.224646799147E-16,1.,0.));
#821 = ORIENTED_EDGE('',*,*,#822,.T.);
#822 = EDGE_CURVE('',#815,#361,#823,.T.);
#823 = LINE('',#824,#825);
#824 = CARTESIAN_POINT('',(2.475,2.1,0.1));
#825 = VECTOR('',#826,1.);
#826 = DIRECTION('',(-1.,1.224646799147E-16,4.996063166392E-32));
#827 = ORIENTED_EDGE('',*,*,#368,.F.);
#828 = ORIENTED_EDGE('',*,*,#829,.T.);
#829 = EDGE_CURVE('',#369,#813,#830,.T.);
#830 = LINE('',#831,#832);
#831 = CARTESIAN_POINT('',(2.025,1.2,0.1));
#832 = VECTOR('',#833,1.);
#833 = DIRECTION('',(1.,-1.224646799147E-16,-4.996063166392E-32));
#834 = PLANE('',#835);
#835 = AXIS2_PLACEMENT_3D('',#836,#837,#838);
#836 = CARTESIAN_POINT('',(2.25,1.65,0.1));
#837 = DIRECTION('',(4.996063166392E-32,1.556307025767E-32,1.));
#838 = DIRECTION('',(-1.,1.224646799147E-16,4.996063166392E-32));
#839 = ADVANCED_FACE('',(#840),#865,.T.);
#840 = FACE_BOUND('',#841,.T.);
#841 = EDGE_LOOP('',(#842,#852,#858,#859));
#842 = ORIENTED_EDGE('',*,*,#843,.T.);
#843 = EDGE_CURVE('',#844,#846,#848,.T.);
#844 = VERTEX_POINT('',#845);
#845 = CARTESIAN_POINT('',(2.55,-2.1,0.1));
#846 = VERTEX_POINT('',#847);
#847 = CARTESIAN_POINT('',(2.55,-1.2,0.1));
#848 = LINE('',#849,#850);
#849 = CARTESIAN_POINT('',(2.55,-2.2,0.1));
#850 = VECTOR('',#851,1.);
#851 = DIRECTION('',(1.224646799147E-16,1.,0.));
#852 = ORIENTED_EDGE('',*,*,#853,.T.);
#853 = EDGE_CURVE('',#846,#377,#854,.T.);
#854 = LINE('',#855,#856);
#855 = CARTESIAN_POINT('',(2.475,-1.2,0.1));
#856 = VECTOR('',#857,1.);
#857 = DIRECTION('',(-1.,1.224646799147E-16,4.996063166392E-32));
#858 = ORIENTED_EDGE('',*,*,#384,.F.);
#859 = ORIENTED_EDGE('',*,*,#860,.T.);
#860 = EDGE_CURVE('',#385,#844,#861,.T.);
#861 = LINE('',#862,#863);
#862 = CARTESIAN_POINT('',(2.025,-2.1,0.1));
#863 = VECTOR('',#864,1.);
#864 = DIRECTION('',(1.,-1.224646799147E-16,-4.996063166392E-32));
#865 = PLANE('',#866);
#866 = AXIS2_PLACEMENT_3D('',#867,#868,#869);
#867 = CARTESIAN_POINT('',(2.25,-1.65,0.1));
#868 = DIRECTION('',(4.996063166392E-32,3.890767564419E-33,1.));
#869 = DIRECTION('',(-1.,1.224646799147E-16,4.996063166392E-32));
#870 = ADVANCED_FACE('',(#871),#896,.F.);
#871 = FACE_BOUND('',#872,.F.);
#872 = EDGE_LOOP('',(#873,#883,#889,#890));
#873 = ORIENTED_EDGE('',*,*,#874,.T.);
#874 = EDGE_CURVE('',#875,#877,#879,.T.);
#875 = VERTEX_POINT('',#876);
#876 = CARTESIAN_POINT('',(2.55,1.2,0.9));
#877 = VERTEX_POINT('',#878);
#878 = CARTESIAN_POINT('',(2.55,2.1,0.9));
#879 = LINE('',#880,#881);
#880 = CARTESIAN_POINT('',(2.55,1.1,0.9));
#881 = VECTOR('',#882,1.);
#882 = DIRECTION('',(1.224646799147E-16,1.,0.));
#883 = ORIENTED_EDGE('',*,*,#884,.T.);
#884 = EDGE_CURVE('',#877,#412,#885,.T.);
#885 = LINE('',#886,#887);
#886 = CARTESIAN_POINT('',(2.475,2.1,0.9));
#887 = VECTOR('',#888,1.);
#888 = DIRECTION('',(-1.,1.224646799147E-16,4.996063166392E-32));
#889 = ORIENTED_EDGE('',*,*,#409,.F.);
#890 = ORIENTED_EDGE('',*,*,#891,.T.);
#891 = EDGE_CURVE('',#410,#875,#892,.T.);
#892 = LINE('',#893,#894);
#893 = CARTESIAN_POINT('',(2.025,1.2,0.9));
#894 = VECTOR('',#895,1.);
#895 = DIRECTION('',(1.,-1.224646799147E-16,-4.996063166392E-32));
#896 = PLANE('',#897);
#897 = AXIS2_PLACEMENT_3D('',#898,#899,#900);
#898 = CARTESIAN_POINT('',(2.25,1.65,0.9));
#899 = DIRECTION('',(4.996063166392E-32,1.556307025767E-32,1.));
#900 = DIRECTION('',(-1.,1.224646799147E-16,4.996063166392E-32));
#901 = ADVANCED_FACE('',(#902),#981,.F.);
#902 = FACE_BOUND('',#903,.F.);
#903 = EDGE_LOOP('',(#904,#914,#923,#931,#937,#938,#939,#940,#949,#957,
    #964,#965,#966,#974));
#904 = ORIENTED_EDGE('',*,*,#905,.F.);
#905 = EDGE_CURVE('',#906,#908,#910,.T.);
#906 = VERTEX_POINT('',#907);
#907 = CARTESIAN_POINT('',(2.7,1.2,5.E-02));
#908 = VERTEX_POINT('',#909);
#909 = CARTESIAN_POINT('',(2.7,1.2,0.95));
#910 = LINE('',#911,#912);
#911 = CARTESIAN_POINT('',(2.7,1.2,0.));
#912 = VECTOR('',#913,1.);
#913 = DIRECTION('',(0.,0.,1.));
#914 = ORIENTED_EDGE('',*,*,#915,.T.);
#915 = EDGE_CURVE('',#906,#916,#918,.T.);
#916 = VERTEX_POINT('',#917);
#917 = CARTESIAN_POINT('',(2.65,1.2,-6.938893903907E-18));
#918 = CIRCLE('',#919,5.E-02);
#919 = AXIS2_PLACEMENT_3D('',#920,#921,#922);
#920 = CARTESIAN_POINT('',(2.65,1.2,5.E-02));
#921 = DIRECTION('',(1.224646799147E-16,1.,0.));
#922 = DIRECTION('',(0.,0.,-1.));
#923 = ORIENTED_EDGE('',*,*,#924,.F.);
#924 = EDGE_CURVE('',#925,#916,#927,.T.);
#925 = VERTEX_POINT('',#926);
#926 = CARTESIAN_POINT('',(1.8,1.2,0.));
#927 = LINE('',#928,#929);
#928 = CARTESIAN_POINT('',(1.8,1.2,0.));
#929 = VECTOR('',#930,1.);
#930 = DIRECTION('',(1.,-1.224646799147E-16,0.));
#931 = ORIENTED_EDGE('',*,*,#932,.T.);
#932 = EDGE_CURVE('',#925,#775,#933,.T.);
#933 = LINE('',#934,#935);
#934 = CARTESIAN_POINT('',(1.8,1.2,0.));
#935 = VECTOR('',#936,1.);
#936 = DIRECTION('',(0.,0.,1.));
#937 = ORIENTED_EDGE('',*,*,#774,.F.);
#938 = ORIENTED_EDGE('',*,*,#766,.T.);
#939 = ORIENTED_EDGE('',*,*,#829,.T.);
#940 = ORIENTED_EDGE('',*,*,#941,.F.);
#941 = EDGE_CURVE('',#942,#813,#944,.T.);
#942 = VERTEX_POINT('',#943);
#943 = CARTESIAN_POINT('',(2.6,1.2,0.15));
#944 = CIRCLE('',#945,5.E-02);
#945 = AXIS2_PLACEMENT_3D('',#946,#947,#948);
#946 = CARTESIAN_POINT('',(2.55,1.2,0.15));
#947 = DIRECTION('',(1.224646799147E-16,1.,0.));
#948 = DIRECTION('',(1.,-1.224646799147E-16,0.));
#949 = ORIENTED_EDGE('',*,*,#950,.T.);
#950 = EDGE_CURVE('',#942,#951,#953,.T.);
#951 = VERTEX_POINT('',#952);
#952 = CARTESIAN_POINT('',(2.6,1.2,0.85));
#953 = LINE('',#954,#955);
#954 = CARTESIAN_POINT('',(2.6,1.2,5.E-02));
#955 = VECTOR('',#956,1.);
#956 = DIRECTION('',(0.,0.,1.));
#957 = ORIENTED_EDGE('',*,*,#958,.F.);
#958 = EDGE_CURVE('',#875,#951,#959,.T.);
#959 = CIRCLE('',#960,5.E-02);
#960 = AXIS2_PLACEMENT_3D('',#961,#962,#963);
#961 = CARTESIAN_POINT('',(2.55,1.2,0.85));
#962 = DIRECTION('',(1.224646799147E-16,1.,0.));
#963 = DIRECTION('',(1.,-1.224646799147E-16,0.));
#964 = ORIENTED_EDGE('',*,*,#891,.F.);
#965 = ORIENTED_EDGE('',*,*,#435,.F.);
#966 = ORIENTED_EDGE('',*,*,#967,.T.);
#967 = EDGE_CURVE('',#428,#968,#970,.T.);
#968 = VERTEX_POINT('',#969);
#969 = CARTESIAN_POINT('',(2.65,1.2,1.));
#970 = LINE('',#971,#972);
#971 = CARTESIAN_POINT('',(1.8,1.2,1.));
#972 = VECTOR('',#973,1.);
#973 = DIRECTION('',(1.,-1.224646799147E-16,0.));
#974 = ORIENTED_EDGE('',*,*,#975,.F.);
#975 = EDGE_CURVE('',#908,#968,#976,.T.);
#976 = CIRCLE('',#977,5.E-02);
#977 = AXIS2_PLACEMENT_3D('',#978,#979,#980);
#978 = CARTESIAN_POINT('',(2.65,1.2,0.95));
#979 = DIRECTION('',(-1.224646799147E-16,-1.,0.));
#980 = DIRECTION('',(-0.,0.,-1.));
#981 = PLANE('',#982);
#982 = AXIS2_PLACEMENT_3D('',#983,#984,#985);
#983 = CARTESIAN_POINT('',(1.8,1.2,0.));
#984 = DIRECTION('',(1.224646799147E-16,1.,0.));
#985 = DIRECTION('',(1.,-1.224646799147E-16,0.));
#986 = ADVANCED_FACE('',(#987),#1005,.T.);
#987 = FACE_BOUND('',#988,.T.);
#988 = EDGE_LOOP('',(#989,#997,#1003,#1004));
#989 = ORIENTED_EDGE('',*,*,#990,.T.);
#990 = EDGE_CURVE('',#968,#991,#993,.T.);
#991 = VERTEX_POINT('',#992);
#992 = CARTESIAN_POINT('',(2.65,2.1,1.));
#993 = LINE('',#994,#995);
#994 = CARTESIAN_POINT('',(2.65,1.2,1.));
#995 = VECTOR('',#996,1.);
#996 = DIRECTION('',(1.224646799147E-16,1.,0.));
#997 = ORIENTED_EDGE('',*,*,#998,.T.);
#998 = EDGE_CURVE('',#991,#420,#999,.T.);
#999 = LINE('',#1000,#1001);
#1000 = CARTESIAN_POINT('',(2.7,2.1,1.));
#1001 = VECTOR('',#1002,1.);
#1002 = DIRECTION('',(-1.,1.224646799147E-16,0.));
#1003 = ORIENTED_EDGE('',*,*,#427,.F.);
#1004 = ORIENTED_EDGE('',*,*,#967,.T.);
#1005 = PLANE('',#1006);
#1006 = AXIS2_PLACEMENT_3D('',#1007,#1008,#1009);
#1007 = CARTESIAN_POINT('',(2.25,1.65,1.));
#1008 = DIRECTION('',(0.,0.,1.));
#1009 = DIRECTION('',(-1.,1.224646799147E-16,0.));
#1010 = ADVANCED_FACE('',(#1011),#1083,.F.);
#1011 = FACE_BOUND('',#1012,.F.);
#1012 = EDGE_LOOP('',(#1013,#1024,#1032,#1039,#1040,#1041,#1042,#1051,
    #1059,#1066,#1067,#1068,#1069,#1077));
#1013 = ORIENTED_EDGE('',*,*,#1014,.F.);
#1014 = EDGE_CURVE('',#1015,#1017,#1019,.T.);
#1015 = VERTEX_POINT('',#1016);
#1016 = CARTESIAN_POINT('',(2.7,2.1,5.E-02));
#1017 = VERTEX_POINT('',#1018);
#1018 = CARTESIAN_POINT('',(2.65,2.1,-6.938893903907E-18));
#1019 = CIRCLE('',#1020,5.E-02);
#1020 = AXIS2_PLACEMENT_3D('',#1021,#1022,#1023);
#1021 = CARTESIAN_POINT('',(2.65,2.1,5.E-02));
#1022 = DIRECTION('',(1.224646799147E-16,1.,0.));
#1023 = DIRECTION('',(0.,0.,-1.));
#1024 = ORIENTED_EDGE('',*,*,#1025,.T.);
#1025 = EDGE_CURVE('',#1015,#1026,#1028,.T.);
#1026 = VERTEX_POINT('',#1027);
#1027 = CARTESIAN_POINT('',(2.7,2.1,0.95));
#1028 = LINE('',#1029,#1030);
#1029 = CARTESIAN_POINT('',(2.7,2.1,0.));
#1030 = VECTOR('',#1031,1.);
#1031 = DIRECTION('',(0.,0.,1.));
#1032 = ORIENTED_EDGE('',*,*,#1033,.T.);
#1033 = EDGE_CURVE('',#1026,#991,#1034,.T.);
#1034 = CIRCLE('',#1035,5.E-02);
#1035 = AXIS2_PLACEMENT_3D('',#1036,#1037,#1038);
#1036 = CARTESIAN_POINT('',(2.65,2.1,0.95));
#1037 = DIRECTION('',(-1.224646799147E-16,-1.,0.));
#1038 = DIRECTION('',(-0.,0.,-1.));
#1039 = ORIENTED_EDGE('',*,*,#998,.T.);
#1040 = ORIENTED_EDGE('',*,*,#419,.F.);
#1041 = ORIENTED_EDGE('',*,*,#884,.F.);
#1042 = ORIENTED_EDGE('',*,*,#1043,.T.);
#1043 = EDGE_CURVE('',#877,#1044,#1046,.T.);
#1044 = VERTEX_POINT('',#1045);
#1045 = CARTESIAN_POINT('',(2.6,2.1,0.85));
#1046 = CIRCLE('',#1047,5.E-02);
#1047 = AXIS2_PLACEMENT_3D('',#1048,#1049,#1050);
#1048 = CARTESIAN_POINT('',(2.55,2.1,0.85));
#1049 = DIRECTION('',(1.224646799147E-16,1.,0.));
#1050 = DIRECTION('',(1.,-1.224646799147E-16,0.));
#1051 = ORIENTED_EDGE('',*,*,#1052,.T.);
#1052 = EDGE_CURVE('',#1044,#1053,#1055,.T.);
#1053 = VERTEX_POINT('',#1054);
#1054 = CARTESIAN_POINT('',(2.6,2.1,0.15));
#1055 = LINE('',#1056,#1057);
#1056 = CARTESIAN_POINT('',(2.6,2.1,5.E-02));
#1057 = VECTOR('',#1058,1.);
#1058 = DIRECTION('',(0.,-0.,-1.));
#1059 = ORIENTED_EDGE('',*,*,#1060,.T.);
#1060 = EDGE_CURVE('',#1053,#815,#1061,.T.);
#1061 = CIRCLE('',#1062,5.E-02);
#1062 = AXIS2_PLACEMENT_3D('',#1063,#1064,#1065);
#1063 = CARTESIAN_POINT('',(2.55,2.1,0.15));
#1064 = DIRECTION('',(1.224646799147E-16,1.,0.));
#1065 = DIRECTION('',(1.,-1.224646799147E-16,0.));
#1066 = ORIENTED_EDGE('',*,*,#822,.T.);
#1067 = ORIENTED_EDGE('',*,*,#798,.T.);
#1068 = ORIENTED_EDGE('',*,*,#790,.F.);
#1069 = ORIENTED_EDGE('',*,*,#1070,.F.);
#1070 = EDGE_CURVE('',#1071,#783,#1073,.T.);
#1071 = VERTEX_POINT('',#1072);
#1072 = CARTESIAN_POINT('',(1.8,2.1,0.));
#1073 = LINE('',#1074,#1075);
#1074 = CARTESIAN_POINT('',(1.8,2.1,0.));
#1075 = VECTOR('',#1076,1.);
#1076 = DIRECTION('',(0.,0.,1.));
#1077 = ORIENTED_EDGE('',*,*,#1078,.F.);
#1078 = EDGE_CURVE('',#1017,#1071,#1079,.T.);
#1079 = LINE('',#1080,#1081);
#1080 = CARTESIAN_POINT('',(2.7,2.1,0.));
#1081 = VECTOR('',#1082,1.);
#1082 = DIRECTION('',(-1.,1.224646799147E-16,0.));
#1083 = PLANE('',#1084);
#1084 = AXIS2_PLACEMENT_3D('',#1085,#1086,#1087);
#1085 = CARTESIAN_POINT('',(2.7,2.1,0.));
#1086 = DIRECTION('',(-1.224646799147E-16,-1.,0.));
#1087 = DIRECTION('',(-1.,1.224646799147E-16,0.));
#1088 = ADVANCED_FACE('',(#1089),#1114,.T.);
#1089 = FACE_BOUND('',#1090,.T.);
#1090 = EDGE_LOOP('',(#1091,#1101,#1107,#1108));
#1091 = ORIENTED_EDGE('',*,*,#1092,.T.);
#1092 = EDGE_CURVE('',#1093,#1095,#1097,.T.);
#1093 = VERTEX_POINT('',#1094);
#1094 = CARTESIAN_POINT('',(2.65,-2.1,1.));
#1095 = VERTEX_POINT('',#1096);
#1096 = CARTESIAN_POINT('',(2.65,-1.2,1.));
#1097 = LINE('',#1098,#1099);
#1098 = CARTESIAN_POINT('',(2.65,-2.1,1.));
#1099 = VECTOR('',#1100,1.);
#1100 = DIRECTION('',(1.224646799147E-16,1.,0.));
#1101 = ORIENTED_EDGE('',*,*,#1102,.T.);
#1102 = EDGE_CURVE('',#1095,#446,#1103,.T.);
#1103 = LINE('',#1104,#1105);
#1104 = CARTESIAN_POINT('',(2.7,-1.2,1.));
#1105 = VECTOR('',#1106,1.);
#1106 = DIRECTION('',(-1.,1.224646799147E-16,0.));
#1107 = ORIENTED_EDGE('',*,*,#443,.F.);
#1108 = ORIENTED_EDGE('',*,*,#1109,.T.);
#1109 = EDGE_CURVE('',#444,#1093,#1110,.T.);
#1110 = LINE('',#1111,#1112);
#1111 = CARTESIAN_POINT('',(1.8,-2.1,1.));
#1112 = VECTOR('',#1113,1.);
#1113 = DIRECTION('',(1.,-1.224646799147E-16,0.));
#1114 = PLANE('',#1115);
#1115 = AXIS2_PLACEMENT_3D('',#1116,#1117,#1118);
#1116 = CARTESIAN_POINT('',(2.25,-1.65,1.));
#1117 = DIRECTION('',(0.,0.,1.));
#1118 = DIRECTION('',(-1.,1.224646799147E-16,0.));
#1119 = ADVANCED_FACE('',(#1120),#1199,.F.);
#1120 = FACE_BOUND('',#1121,.F.);
#1121 = EDGE_LOOP('',(#1122,#1133,#1141,#1148,#1149,#1150,#1158,#1167,
    #1175,#1182,#1183,#1184,#1185,#1193));
#1122 = ORIENTED_EDGE('',*,*,#1123,.F.);
#1123 = EDGE_CURVE('',#1124,#1126,#1128,.T.);
#1124 = VERTEX_POINT('',#1125);
#1125 = CARTESIAN_POINT('',(2.7,-1.2,5.E-02));
#1126 = VERTEX_POINT('',#1127);
#1127 = CARTESIAN_POINT('',(2.65,-1.2,-6.938893903907E-18));
#1128 = CIRCLE('',#1129,5.E-02);
#1129 = AXIS2_PLACEMENT_3D('',#1130,#1131,#1132);
#1130 = CARTESIAN_POINT('',(2.65,-1.2,5.E-02));
#1131 = DIRECTION('',(1.224646799147E-16,1.,0.));
#1132 = DIRECTION('',(0.,0.,-1.));
#1133 = ORIENTED_EDGE('',*,*,#1134,.T.);
#1134 = EDGE_CURVE('',#1124,#1135,#1137,.T.);
#1135 = VERTEX_POINT('',#1136);
#1136 = CARTESIAN_POINT('',(2.7,-1.2,0.95));
#1137 = LINE('',#1138,#1139);
#1138 = CARTESIAN_POINT('',(2.7,-1.2,0.));
#1139 = VECTOR('',#1140,1.);
#1140 = DIRECTION('',(0.,0.,1.));
#1141 = ORIENTED_EDGE('',*,*,#1142,.T.);
#1142 = EDGE_CURVE('',#1135,#1095,#1143,.T.);
#1143 = CIRCLE('',#1144,5.E-02);
#1144 = AXIS2_PLACEMENT_3D('',#1145,#1146,#1147);
#1145 = CARTESIAN_POINT('',(2.65,-1.2,0.95));
#1146 = DIRECTION('',(-1.224646799147E-16,-1.,0.));
#1147 = DIRECTION('',(-0.,0.,-1.));
#1148 = ORIENTED_EDGE('',*,*,#1102,.T.);
#1149 = ORIENTED_EDGE('',*,*,#469,.F.);
#1150 = ORIENTED_EDGE('',*,*,#1151,.F.);
#1151 = EDGE_CURVE('',#1152,#462,#1154,.T.);
#1152 = VERTEX_POINT('',#1153);
#1153 = CARTESIAN_POINT('',(2.55,-1.2,0.9));
#1154 = LINE('',#1155,#1156);
#1155 = CARTESIAN_POINT('',(2.475,-1.2,0.9));
#1156 = VECTOR('',#1157,1.);
#1157 = DIRECTION('',(-1.,1.224646799147E-16,4.996063166392E-32));
#1158 = ORIENTED_EDGE('',*,*,#1159,.T.);
#1159 = EDGE_CURVE('',#1152,#1160,#1162,.T.);
#1160 = VERTEX_POINT('',#1161);
#1161 = CARTESIAN_POINT('',(2.6,-1.2,0.85));
#1162 = CIRCLE('',#1163,5.E-02);
#1163 = AXIS2_PLACEMENT_3D('',#1164,#1165,#1166);
#1164 = CARTESIAN_POINT('',(2.55,-1.2,0.85));
#1165 = DIRECTION('',(1.224646799147E-16,1.,0.));
#1166 = DIRECTION('',(1.,-1.224646799147E-16,0.));
#1167 = ORIENTED_EDGE('',*,*,#1168,.T.);
#1168 = EDGE_CURVE('',#1160,#1169,#1171,.T.);
#1169 = VERTEX_POINT('',#1170);
#1170 = CARTESIAN_POINT('',(2.6,-1.2,0.15));
#1171 = LINE('',#1172,#1173);
#1172 = CARTESIAN_POINT('',(2.6,-1.2,5.E-02));
#1173 = VECTOR('',#1174,1.);
#1174 = DIRECTION('',(0.,-0.,-1.));
#1175 = ORIENTED_EDGE('',*,*,#1176,.T.);
#1176 = EDGE_CURVE('',#1169,#846,#1177,.T.);
#1177 = CIRCLE('',#1178,5.E-02);
#1178 = AXIS2_PLACEMENT_3D('',#1179,#1180,#1181);
#1179 = CARTESIAN_POINT('',(2.55,-1.2,0.15));
#1180 = DIRECTION('',(1.224646799147E-16,1.,0.));
#1181 = DIRECTION('',(1.,-1.224646799147E-16,0.));
#1182 = ORIENTED_EDGE('',*,*,#853,.T.);
#1183 = ORIENTED_EDGE('',*,*,#759,.T.);
#1184 = ORIENTED_EDGE('',*,*,#751,.F.);
#1185 = ORIENTED_EDGE('',*,*,#1186,.F.);
#1186 = EDGE_CURVE('',#1187,#744,#1189,.T.);
#1187 = VERTEX_POINT('',#1188);
#1188 = CARTESIAN_POINT('',(1.8,-1.2,0.));
#1189 = LINE('',#1190,#1191);
#1190 = CARTESIAN_POINT('',(1.8,-1.2,0.));
#1191 = VECTOR('',#1192,1.);
#1192 = DIRECTION('',(0.,0.,1.));
#1193 = ORIENTED_EDGE('',*,*,#1194,.F.);
#1194 = EDGE_CURVE('',#1126,#1187,#1195,.T.);
#1195 = LINE('',#1196,#1197);
#1196 = CARTESIAN_POINT('',(2.7,-1.2,0.));
#1197 = VECTOR('',#1198,1.);
#1198 = DIRECTION('',(-1.,1.224646799147E-16,0.));
#1199 = PLANE('',#1200);
#1200 = AXIS2_PLACEMENT_3D('',#1201,#1202,#1203);
#1201 = CARTESIAN_POINT('',(2.7,-1.2,0.));
#1202 = DIRECTION('',(-1.224646799147E-16,-1.,0.));
#1203 = DIRECTION('',(-1.,1.224646799147E-16,0.));
#1204 = ADVANCED_FACE('',(#1205),#1223,.F.);
#1205 = FACE_BOUND('',#1206,.F.);
#1206 = EDGE_LOOP('',(#1207,#1215,#1216,#1217));
#1207 = ORIENTED_EDGE('',*,*,#1208,.T.);
#1208 = EDGE_CURVE('',#1209,#1152,#1211,.T.);
#1209 = VERTEX_POINT('',#1210);
#1210 = CARTESIAN_POINT('',(2.55,-2.1,0.9));
#1211 = LINE('',#1212,#1213);
#1212 = CARTESIAN_POINT('',(2.55,-2.2,0.9));
#1213 = VECTOR('',#1214,1.);
#1214 = DIRECTION('',(1.224646799147E-16,1.,0.));
#1215 = ORIENTED_EDGE('',*,*,#1151,.T.);
#1216 = ORIENTED_EDGE('',*,*,#461,.F.);
#1217 = ORIENTED_EDGE('',*,*,#1218,.T.);
#1218 = EDGE_CURVE('',#454,#1209,#1219,.T.);
#1219 = LINE('',#1220,#1221);
#1220 = CARTESIAN_POINT('',(2.025,-2.1,0.9));
#1221 = VECTOR('',#1222,1.);
#1222 = DIRECTION('',(1.,-1.224646799147E-16,-4.996063166392E-32));
#1223 = PLANE('',#1224);
#1224 = AXIS2_PLACEMENT_3D('',#1225,#1226,#1227);
#1225 = CARTESIAN_POINT('',(2.25,-1.65,0.9));
#1226 = DIRECTION('',(4.996063166392E-32,3.890767564419E-33,1.));
#1227 = DIRECTION('',(-1.,1.224646799147E-16,4.996063166392E-32));
#1228 = ADVANCED_FACE('',(#1229),#1301,.F.);
#1229 = FACE_BOUND('',#1230,.F.);
#1230 = EDGE_LOOP('',(#1231,#1241,#1250,#1258,#1264,#1265,#1266,#1267,
    #1276,#1284,#1291,#1292,#1293,#1294));
#1231 = ORIENTED_EDGE('',*,*,#1232,.F.);
#1232 = EDGE_CURVE('',#1233,#1235,#1237,.T.);
#1233 = VERTEX_POINT('',#1234);
#1234 = CARTESIAN_POINT('',(2.7,-2.1,5.E-02));
#1235 = VERTEX_POINT('',#1236);
#1236 = CARTESIAN_POINT('',(2.7,-2.1,0.95));
#1237 = LINE('',#1238,#1239);
#1238 = CARTESIAN_POINT('',(2.7,-2.1,0.));
#1239 = VECTOR('',#1240,1.);
#1240 = DIRECTION('',(0.,0.,1.));
#1241 = ORIENTED_EDGE('',*,*,#1242,.T.);
#1242 = EDGE_CURVE('',#1233,#1243,#1245,.T.);
#1243 = VERTEX_POINT('',#1244);
#1244 = CARTESIAN_POINT('',(2.65,-2.1,-6.938893903907E-18));
#1245 = CIRCLE('',#1246,5.E-02);
#1246 = AXIS2_PLACEMENT_3D('',#1247,#1248,#1249);
#1247 = CARTESIAN_POINT('',(2.65,-2.1,5.E-02));
#1248 = DIRECTION('',(1.224646799147E-16,1.,0.));
#1249 = DIRECTION('',(0.,0.,-1.));
#1250 = ORIENTED_EDGE('',*,*,#1251,.F.);
#1251 = EDGE_CURVE('',#1252,#1243,#1254,.T.);
#1252 = VERTEX_POINT('',#1253);
#1253 = CARTESIAN_POINT('',(1.8,-2.1,0.));
#1254 = LINE('',#1255,#1256);
#1255 = CARTESIAN_POINT('',(1.8,-2.1,0.));
#1256 = VECTOR('',#1257,1.);
#1257 = DIRECTION('',(1.,-1.224646799147E-16,0.));
#1258 = ORIENTED_EDGE('',*,*,#1259,.T.);
#1259 = EDGE_CURVE('',#1252,#736,#1260,.T.);
#1260 = LINE('',#1261,#1262);
#1261 = CARTESIAN_POINT('',(1.8,-2.1,0.));
#1262 = VECTOR('',#1263,1.);
#1263 = DIRECTION('',(0.,0.,1.));
#1264 = ORIENTED_EDGE('',*,*,#735,.F.);
#1265 = ORIENTED_EDGE('',*,*,#727,.T.);
#1266 = ORIENTED_EDGE('',*,*,#860,.T.);
#1267 = ORIENTED_EDGE('',*,*,#1268,.F.);
#1268 = EDGE_CURVE('',#1269,#844,#1271,.T.);
#1269 = VERTEX_POINT('',#1270);
#1270 = CARTESIAN_POINT('',(2.6,-2.1,0.15));
#1271 = CIRCLE('',#1272,5.E-02);
#1272 = AXIS2_PLACEMENT_3D('',#1273,#1274,#1275);
#1273 = CARTESIAN_POINT('',(2.55,-2.1,0.15));
#1274 = DIRECTION('',(1.224646799147E-16,1.,0.));
#1275 = DIRECTION('',(1.,-1.224646799147E-16,0.));
#1276 = ORIENTED_EDGE('',*,*,#1277,.T.);
#1277 = EDGE_CURVE('',#1269,#1278,#1280,.T.);
#1278 = VERTEX_POINT('',#1279);
#1279 = CARTESIAN_POINT('',(2.6,-2.1,0.85));
#1280 = LINE('',#1281,#1282);
#1281 = CARTESIAN_POINT('',(2.6,-2.1,5.E-02));
#1282 = VECTOR('',#1283,1.);
#1283 = DIRECTION('',(0.,0.,1.));
#1284 = ORIENTED_EDGE('',*,*,#1285,.F.);
#1285 = EDGE_CURVE('',#1209,#1278,#1286,.T.);
#1286 = CIRCLE('',#1287,5.E-02);
#1287 = AXIS2_PLACEMENT_3D('',#1288,#1289,#1290);
#1288 = CARTESIAN_POINT('',(2.55,-2.1,0.85));
#1289 = DIRECTION('',(1.224646799147E-16,1.,0.));
#1290 = DIRECTION('',(1.,-1.224646799147E-16,0.));
#1291 = ORIENTED_EDGE('',*,*,#1218,.F.);
#1292 = ORIENTED_EDGE('',*,*,#453,.F.);
#1293 = ORIENTED_EDGE('',*,*,#1109,.T.);
#1294 = ORIENTED_EDGE('',*,*,#1295,.F.);
#1295 = EDGE_CURVE('',#1235,#1093,#1296,.T.);
#1296 = CIRCLE('',#1297,5.E-02);
#1297 = AXIS2_PLACEMENT_3D('',#1298,#1299,#1300);
#1298 = CARTESIAN_POINT('',(2.65,-2.1,0.95));
#1299 = DIRECTION('',(-1.224646799147E-16,-1.,0.));
#1300 = DIRECTION('',(-0.,0.,-1.));
#1301 = PLANE('',#1302);
#1302 = AXIS2_PLACEMENT_3D('',#1303,#1304,#1305);
#1303 = CARTESIAN_POINT('',(1.8,-2.1,0.));
#1304 = DIRECTION('',(1.224646799147E-16,1.,0.));
#1305 = DIRECTION('',(1.,-1.224646799147E-16,0.));
#1306 = ADVANCED_FACE('',(#1307),#1332,.T.);
#1307 = FACE_BOUND('',#1308,.T.);
#1308 = EDGE_LOOP('',(#1309,#1310,#1318,#1326));
#1309 = ORIENTED_EDGE('',*,*,#517,.F.);
#1310 = ORIENTED_EDGE('',*,*,#1311,.T.);
#1311 = EDGE_CURVE('',#518,#1312,#1314,.T.);
#1312 = VERTEX_POINT('',#1313);
#1313 = CARTESIAN_POINT('',(-2.55,2.1,0.1));
#1314 = LINE('',#1315,#1316);
#1315 = CARTESIAN_POINT('',(-2.025,2.1,0.1));
#1316 = VECTOR('',#1317,1.);
#1317 = DIRECTION('',(-1.,1.224646799147E-16,-4.996063166392E-32));
#1318 = ORIENTED_EDGE('',*,*,#1319,.T.);
#1319 = EDGE_CURVE('',#1312,#1320,#1322,.T.);
#1320 = VERTEX_POINT('',#1321);
#1321 = CARTESIAN_POINT('',(-2.55,1.2,0.1));
#1322 = LINE('',#1323,#1324);
#1323 = CARTESIAN_POINT('',(-2.55,2.2,0.1));
#1324 = VECTOR('',#1325,1.);
#1325 = DIRECTION('',(-1.224646799147E-16,-1.,0.));
#1326 = ORIENTED_EDGE('',*,*,#1327,.T.);
#1327 = EDGE_CURVE('',#1320,#510,#1328,.T.);
#1328 = LINE('',#1329,#1330);
#1329 = CARTESIAN_POINT('',(-2.475,1.2,0.1));
#1330 = VECTOR('',#1331,1.);
#1331 = DIRECTION('',(1.,-1.224646799147E-16,4.996063166392E-32));
#1332 = PLANE('',#1333);
#1333 = AXIS2_PLACEMENT_3D('',#1334,#1335,#1336);
#1334 = CARTESIAN_POINT('',(-2.25,1.65,0.1));
#1335 = DIRECTION('',(-4.996063166392E-32,1.556307025767E-32,1.));
#1336 = DIRECTION('',(-1.,1.224646799147E-16,-4.996063166392E-32));
#1337 = ADVANCED_FACE('',(#1338),#1363,.T.);
#1338 = FACE_BOUND('',#1339,.T.);
#1339 = EDGE_LOOP('',(#1340,#1341,#1349,#1357));
#1340 = ORIENTED_EDGE('',*,*,#501,.F.);
#1341 = ORIENTED_EDGE('',*,*,#1342,.T.);
#1342 = EDGE_CURVE('',#502,#1343,#1345,.T.);
#1343 = VERTEX_POINT('',#1344);
#1344 = CARTESIAN_POINT('',(-2.55,-1.2,0.1));
#1345 = LINE('',#1346,#1347);
#1346 = CARTESIAN_POINT('',(-2.025,-1.2,0.1));
#1347 = VECTOR('',#1348,1.);
#1348 = DIRECTION('',(-1.,1.224646799147E-16,-4.996063166392E-32));
#1349 = ORIENTED_EDGE('',*,*,#1350,.T.);
#1350 = EDGE_CURVE('',#1343,#1351,#1353,.T.);
#1351 = VERTEX_POINT('',#1352);
#1352 = CARTESIAN_POINT('',(-2.55,-2.1,0.1));
#1353 = LINE('',#1354,#1355);
#1354 = CARTESIAN_POINT('',(-2.55,-1.1,0.1));
#1355 = VECTOR('',#1356,1.);
#1356 = DIRECTION('',(-1.224646799147E-16,-1.,0.));
#1357 = ORIENTED_EDGE('',*,*,#1358,.T.);
#1358 = EDGE_CURVE('',#1351,#494,#1359,.T.);
#1359 = LINE('',#1360,#1361);
#1360 = CARTESIAN_POINT('',(-2.475,-2.1,0.1));
#1361 = VECTOR('',#1362,1.);
#1362 = DIRECTION('',(1.,-1.224646799147E-16,4.996063166392E-32));
#1363 = PLANE('',#1364);
#1364 = AXIS2_PLACEMENT_3D('',#1365,#1366,#1367);
#1365 = CARTESIAN_POINT('',(-2.25,-1.65,0.1));
#1366 = DIRECTION('',(-4.996063166392E-32,3.890767564419E-33,1.));
#1367 = DIRECTION('',(-1.,1.224646799147E-16,-4.996063166392E-32));
#1368 = ADVANCED_FACE('',(#1369),#1394,.T.);
#1369 = FACE_BOUND('',#1370,.T.);
#1370 = EDGE_LOOP('',(#1371,#1372,#1380,#1388));
#1371 = ORIENTED_EDGE('',*,*,#533,.F.);
#1372 = ORIENTED_EDGE('',*,*,#1373,.T.);
#1373 = EDGE_CURVE('',#534,#1374,#1376,.T.);
#1374 = VERTEX_POINT('',#1375);
#1375 = CARTESIAN_POINT('',(-2.65,-1.2,1.));
#1376 = LINE('',#1377,#1378);
#1377 = CARTESIAN_POINT('',(-1.8,-1.2,1.));
#1378 = VECTOR('',#1379,1.);
#1379 = DIRECTION('',(-1.,1.224646799147E-16,0.));
#1380 = ORIENTED_EDGE('',*,*,#1381,.T.);
#1381 = EDGE_CURVE('',#1374,#1382,#1384,.T.);
#1382 = VERTEX_POINT('',#1383);
#1383 = CARTESIAN_POINT('',(-2.65,-2.1,1.));
#1384 = LINE('',#1385,#1386);
#1385 = CARTESIAN_POINT('',(-2.65,-1.2,1.));
#1386 = VECTOR('',#1387,1.);
#1387 = DIRECTION('',(-1.224646799147E-16,-1.,0.));
#1388 = ORIENTED_EDGE('',*,*,#1389,.T.);
#1389 = EDGE_CURVE('',#1382,#536,#1390,.T.);
#1390 = LINE('',#1391,#1392);
#1391 = CARTESIAN_POINT('',(-2.7,-2.1,1.));
#1392 = VECTOR('',#1393,1.);
#1393 = DIRECTION('',(1.,-1.224646799147E-16,0.));
#1394 = PLANE('',#1395);
#1395 = AXIS2_PLACEMENT_3D('',#1396,#1397,#1398);
#1396 = CARTESIAN_POINT('',(-2.25,-1.65,1.));
#1397 = DIRECTION('',(0.,0.,1.));
#1398 = DIRECTION('',(-1.,1.224646799147E-16,0.));
#1399 = ADVANCED_FACE('',(#1400),#1479,.F.);
#1400 = FACE_BOUND('',#1401,.F.);
#1401 = EDGE_LOOP('',(#1402,#1413,#1421,#1428,#1429,#1430,#1438,#1447,
    #1455,#1462,#1463,#1464,#1465,#1473));
#1402 = ORIENTED_EDGE('',*,*,#1403,.F.);
#1403 = EDGE_CURVE('',#1404,#1406,#1408,.T.);
#1404 = VERTEX_POINT('',#1405);
#1405 = CARTESIAN_POINT('',(-2.7,-2.1,5.E-02));
#1406 = VERTEX_POINT('',#1407);
#1407 = CARTESIAN_POINT('',(-2.65,-2.1,-6.938893903907E-18));
#1408 = CIRCLE('',#1409,5.E-02);
#1409 = AXIS2_PLACEMENT_3D('',#1410,#1411,#1412);
#1410 = CARTESIAN_POINT('',(-2.65,-2.1,5.E-02));
#1411 = DIRECTION('',(-1.224646799147E-16,-1.,0.));
#1412 = DIRECTION('',(0.,0.,1.));
#1413 = ORIENTED_EDGE('',*,*,#1414,.T.);
#1414 = EDGE_CURVE('',#1404,#1415,#1417,.T.);
#1415 = VERTEX_POINT('',#1416);
#1416 = CARTESIAN_POINT('',(-2.7,-2.1,0.95));
#1417 = LINE('',#1418,#1419);
#1418 = CARTESIAN_POINT('',(-2.7,-2.1,0.));
#1419 = VECTOR('',#1420,1.);
#1420 = DIRECTION('',(0.,0.,1.));
#1421 = ORIENTED_EDGE('',*,*,#1422,.F.);
#1422 = EDGE_CURVE('',#1382,#1415,#1423,.T.);
#1423 = CIRCLE('',#1424,5.E-02);
#1424 = AXIS2_PLACEMENT_3D('',#1425,#1426,#1427);
#1425 = CARTESIAN_POINT('',(-2.65,-2.1,0.95));
#1426 = DIRECTION('',(-1.224646799147E-16,-1.,0.));
#1427 = DIRECTION('',(0.,0.,1.));
#1428 = ORIENTED_EDGE('',*,*,#1389,.T.);
#1429 = ORIENTED_EDGE('',*,*,#559,.F.);
#1430 = ORIENTED_EDGE('',*,*,#1431,.F.);
#1431 = EDGE_CURVE('',#1432,#552,#1434,.T.);
#1432 = VERTEX_POINT('',#1433);
#1433 = CARTESIAN_POINT('',(-2.55,-2.1,0.9));
#1434 = LINE('',#1435,#1436);
#1435 = CARTESIAN_POINT('',(-2.475,-2.1,0.9));
#1436 = VECTOR('',#1437,1.);
#1437 = DIRECTION('',(1.,-1.224646799147E-16,4.996063166392E-32));
#1438 = ORIENTED_EDGE('',*,*,#1439,.T.);
#1439 = EDGE_CURVE('',#1432,#1440,#1442,.T.);
#1440 = VERTEX_POINT('',#1441);
#1441 = CARTESIAN_POINT('',(-2.6,-2.1,0.85));
#1442 = CIRCLE('',#1443,5.E-02);
#1443 = AXIS2_PLACEMENT_3D('',#1444,#1445,#1446);
#1444 = CARTESIAN_POINT('',(-2.55,-2.1,0.85));
#1445 = DIRECTION('',(-1.224646799147E-16,-1.,0.));
#1446 = DIRECTION('',(-1.,1.224646799147E-16,0.));
#1447 = ORIENTED_EDGE('',*,*,#1448,.T.);
#1448 = EDGE_CURVE('',#1440,#1449,#1451,.T.);
#1449 = VERTEX_POINT('',#1450);
#1450 = CARTESIAN_POINT('',(-2.6,-2.1,0.15));
#1451 = LINE('',#1452,#1453);
#1452 = CARTESIAN_POINT('',(-2.6,-2.1,5.E-02));
#1453 = VECTOR('',#1454,1.);
#1454 = DIRECTION('',(0.,0.,-1.));
#1455 = ORIENTED_EDGE('',*,*,#1456,.T.);
#1456 = EDGE_CURVE('',#1449,#1351,#1457,.T.);
#1457 = CIRCLE('',#1458,5.E-02);
#1458 = AXIS2_PLACEMENT_3D('',#1459,#1460,#1461);
#1459 = CARTESIAN_POINT('',(-2.55,-2.1,0.15));
#1460 = DIRECTION('',(-1.224646799147E-16,-1.,-6.005688260885E-65));
#1461 = DIRECTION('',(4.996063166392E-32,-6.118412765058E-48,-1.));
#1462 = ORIENTED_EDGE('',*,*,#1358,.T.);
#1463 = ORIENTED_EDGE('',*,*,#718,.T.);
#1464 = ORIENTED_EDGE('',*,*,#710,.F.);
#1465 = ORIENTED_EDGE('',*,*,#1466,.F.);
#1466 = EDGE_CURVE('',#1467,#703,#1469,.T.);
#1467 = VERTEX_POINT('',#1468);
#1468 = CARTESIAN_POINT('',(-1.8,-2.1,0.));
#1469 = LINE('',#1470,#1471);
#1470 = CARTESIAN_POINT('',(-1.8,-2.1,0.));
#1471 = VECTOR('',#1472,1.);
#1472 = DIRECTION('',(0.,0.,1.));
#1473 = ORIENTED_EDGE('',*,*,#1474,.F.);
#1474 = EDGE_CURVE('',#1406,#1467,#1475,.T.);
#1475 = LINE('',#1476,#1477);
#1476 = CARTESIAN_POINT('',(-2.7,-2.1,0.));
#1477 = VECTOR('',#1478,1.);
#1478 = DIRECTION('',(1.,-1.224646799147E-16,0.));
#1479 = PLANE('',#1480);
#1480 = AXIS2_PLACEMENT_3D('',#1481,#1482,#1483);
#1481 = CARTESIAN_POINT('',(-2.7,-2.1,0.));
#1482 = DIRECTION('',(1.224646799147E-16,1.,0.));
#1483 = DIRECTION('',(1.,-1.224646799147E-16,0.));
#1484 = ADVANCED_FACE('',(#1485),#1503,.F.);
#1485 = FACE_BOUND('',#1486,.F.);
#1486 = EDGE_LOOP('',(#1487,#1488,#1496,#1502));
#1487 = ORIENTED_EDGE('',*,*,#551,.F.);
#1488 = ORIENTED_EDGE('',*,*,#1489,.T.);
#1489 = EDGE_CURVE('',#544,#1490,#1492,.T.);
#1490 = VERTEX_POINT('',#1491);
#1491 = CARTESIAN_POINT('',(-2.55,-1.2,0.9));
#1492 = LINE('',#1493,#1494);
#1493 = CARTESIAN_POINT('',(-2.025,-1.2,0.9));
#1494 = VECTOR('',#1495,1.);
#1495 = DIRECTION('',(-1.,1.224646799147E-16,-4.996063166392E-32));
#1496 = ORIENTED_EDGE('',*,*,#1497,.T.);
#1497 = EDGE_CURVE('',#1490,#1432,#1498,.T.);
#1498 = LINE('',#1499,#1500);
#1499 = CARTESIAN_POINT('',(-2.55,-1.1,0.9));
#1500 = VECTOR('',#1501,1.);
#1501 = DIRECTION('',(-1.224646799147E-16,-1.,0.));
#1502 = ORIENTED_EDGE('',*,*,#1431,.T.);
#1503 = PLANE('',#1504);
#1504 = AXIS2_PLACEMENT_3D('',#1505,#1506,#1507);
#1505 = CARTESIAN_POINT('',(-2.25,-1.65,0.9));
#1506 = DIRECTION('',(-4.996063166392E-32,3.890767564419E-33,1.));
#1507 = DIRECTION('',(-1.,1.224646799147E-16,-4.996063166392E-32));
#1508 = ADVANCED_FACE('',(#1509),#1581,.F.);
#1509 = FACE_BOUND('',#1510,.F.);
#1510 = EDGE_LOOP('',(#1511,#1521,#1530,#1538,#1544,#1545,#1546,#1547,
    #1556,#1564,#1571,#1572,#1573,#1574));
#1511 = ORIENTED_EDGE('',*,*,#1512,.F.);
#1512 = EDGE_CURVE('',#1513,#1515,#1517,.T.);
#1513 = VERTEX_POINT('',#1514);
#1514 = CARTESIAN_POINT('',(-2.7,-1.2,5.E-02));
#1515 = VERTEX_POINT('',#1516);
#1516 = CARTESIAN_POINT('',(-2.7,-1.2,0.95));
#1517 = LINE('',#1518,#1519);
#1518 = CARTESIAN_POINT('',(-2.7,-1.2,0.));
#1519 = VECTOR('',#1520,1.);
#1520 = DIRECTION('',(0.,0.,1.));
#1521 = ORIENTED_EDGE('',*,*,#1522,.T.);
#1522 = EDGE_CURVE('',#1513,#1523,#1525,.T.);
#1523 = VERTEX_POINT('',#1524);
#1524 = CARTESIAN_POINT('',(-2.65,-1.2,-6.938893903907E-18));
#1525 = CIRCLE('',#1526,5.E-02);
#1526 = AXIS2_PLACEMENT_3D('',#1527,#1528,#1529);
#1527 = CARTESIAN_POINT('',(-2.65,-1.2,5.E-02));
#1528 = DIRECTION('',(-1.224646799147E-16,-1.,0.));
#1529 = DIRECTION('',(0.,0.,1.));
#1530 = ORIENTED_EDGE('',*,*,#1531,.F.);
#1531 = EDGE_CURVE('',#1532,#1523,#1534,.T.);
#1532 = VERTEX_POINT('',#1533);
#1533 = CARTESIAN_POINT('',(-1.8,-1.2,0.));
#1534 = LINE('',#1535,#1536);
#1535 = CARTESIAN_POINT('',(-1.8,-1.2,0.));
#1536 = VECTOR('',#1537,1.);
#1537 = DIRECTION('',(-1.,1.224646799147E-16,0.));
#1538 = ORIENTED_EDGE('',*,*,#1539,.T.);
#1539 = EDGE_CURVE('',#1532,#695,#1540,.T.);
#1540 = LINE('',#1541,#1542);
#1541 = CARTESIAN_POINT('',(-1.8,-1.2,0.));
#1542 = VECTOR('',#1543,1.);
#1543 = DIRECTION('',(0.,0.,1.));
#1544 = ORIENTED_EDGE('',*,*,#694,.F.);
#1545 = ORIENTED_EDGE('',*,*,#686,.T.);
#1546 = ORIENTED_EDGE('',*,*,#1342,.T.);
#1547 = ORIENTED_EDGE('',*,*,#1548,.F.);
#1548 = EDGE_CURVE('',#1549,#1343,#1551,.T.);
#1549 = VERTEX_POINT('',#1550);
#1550 = CARTESIAN_POINT('',(-2.6,-1.2,0.15));
#1551 = CIRCLE('',#1552,5.E-02);
#1552 = AXIS2_PLACEMENT_3D('',#1553,#1554,#1555);
#1553 = CARTESIAN_POINT('',(-2.55,-1.2,0.15));
#1554 = DIRECTION('',(-1.224646799147E-16,-1.,-6.005688260885E-65));
#1555 = DIRECTION('',(4.996063166392E-32,-6.118412765058E-48,-1.));
#1556 = ORIENTED_EDGE('',*,*,#1557,.T.);
#1557 = EDGE_CURVE('',#1549,#1558,#1560,.T.);
#1558 = VERTEX_POINT('',#1559);
#1559 = CARTESIAN_POINT('',(-2.6,-1.2,0.85));
#1560 = LINE('',#1561,#1562);
#1561 = CARTESIAN_POINT('',(-2.6,-1.2,5.E-02));
#1562 = VECTOR('',#1563,1.);
#1563 = DIRECTION('',(0.,0.,1.));
#1564 = ORIENTED_EDGE('',*,*,#1565,.F.);
#1565 = EDGE_CURVE('',#1490,#1558,#1566,.T.);
#1566 = CIRCLE('',#1567,5.E-02);
#1567 = AXIS2_PLACEMENT_3D('',#1568,#1569,#1570);
#1568 = CARTESIAN_POINT('',(-2.55,-1.2,0.85));
#1569 = DIRECTION('',(-1.224646799147E-16,-1.,0.));
#1570 = DIRECTION('',(-1.,1.224646799147E-16,0.));
#1571 = ORIENTED_EDGE('',*,*,#1489,.F.);
#1572 = ORIENTED_EDGE('',*,*,#543,.F.);
#1573 = ORIENTED_EDGE('',*,*,#1373,.T.);
#1574 = ORIENTED_EDGE('',*,*,#1575,.T.);
#1575 = EDGE_CURVE('',#1374,#1515,#1576,.T.);
#1576 = CIRCLE('',#1577,5.E-02);
#1577 = AXIS2_PLACEMENT_3D('',#1578,#1579,#1580);
#1578 = CARTESIAN_POINT('',(-2.65,-1.2,0.95));
#1579 = DIRECTION('',(-1.224646799147E-16,-1.,0.));
#1580 = DIRECTION('',(0.,0.,1.));
#1581 = PLANE('',#1582);
#1582 = AXIS2_PLACEMENT_3D('',#1583,#1584,#1585);
#1583 = CARTESIAN_POINT('',(-1.8,-1.2,0.));
#1584 = DIRECTION('',(-1.224646799147E-16,-1.,0.));
#1585 = DIRECTION('',(-1.,1.224646799147E-16,0.));
#1586 = ADVANCED_FACE('',(#1587),#1612,.T.);
#1587 = FACE_BOUND('',#1588,.T.);
#1588 = EDGE_LOOP('',(#1589,#1590,#1598,#1606));
#1589 = ORIENTED_EDGE('',*,*,#567,.F.);
#1590 = ORIENTED_EDGE('',*,*,#1591,.T.);
#1591 = EDGE_CURVE('',#568,#1592,#1594,.T.);
#1592 = VERTEX_POINT('',#1593);
#1593 = CARTESIAN_POINT('',(-2.65,2.1,1.));
#1594 = LINE('',#1595,#1596);
#1595 = CARTESIAN_POINT('',(-1.8,2.1,1.));
#1596 = VECTOR('',#1597,1.);
#1597 = DIRECTION('',(-1.,1.224646799147E-16,0.));
#1598 = ORIENTED_EDGE('',*,*,#1599,.T.);
#1599 = EDGE_CURVE('',#1592,#1600,#1602,.T.);
#1600 = VERTEX_POINT('',#1601);
#1601 = CARTESIAN_POINT('',(-2.65,1.2,1.));
#1602 = LINE('',#1603,#1604);
#1603 = CARTESIAN_POINT('',(-2.65,2.1,1.));
#1604 = VECTOR('',#1605,1.);
#1605 = DIRECTION('',(-1.224646799147E-16,-1.,0.));
#1606 = ORIENTED_EDGE('',*,*,#1607,.T.);
#1607 = EDGE_CURVE('',#1600,#570,#1608,.T.);
#1608 = LINE('',#1609,#1610);
#1609 = CARTESIAN_POINT('',(-2.7,1.2,1.));
#1610 = VECTOR('',#1611,1.);
#1611 = DIRECTION('',(1.,-1.224646799147E-16,0.));
#1612 = PLANE('',#1613);
#1613 = AXIS2_PLACEMENT_3D('',#1614,#1615,#1616);
#1614 = CARTESIAN_POINT('',(-2.25,1.65,1.));
#1615 = DIRECTION('',(0.,0.,1.));
#1616 = DIRECTION('',(-1.,1.224646799147E-16,0.));
#1617 = ADVANCED_FACE('',(#1618),#1697,.F.);
#1618 = FACE_BOUND('',#1619,.F.);
#1619 = EDGE_LOOP('',(#1620,#1631,#1639,#1646,#1647,#1648,#1656,#1665,
    #1673,#1680,#1681,#1682,#1683,#1691));
#1620 = ORIENTED_EDGE('',*,*,#1621,.F.);
#1621 = EDGE_CURVE('',#1622,#1624,#1626,.T.);
#1622 = VERTEX_POINT('',#1623);
#1623 = CARTESIAN_POINT('',(-2.7,1.2,5.E-02));
#1624 = VERTEX_POINT('',#1625);
#1625 = CARTESIAN_POINT('',(-2.65,1.2,-6.938893903907E-18));
#1626 = CIRCLE('',#1627,5.E-02);
#1627 = AXIS2_PLACEMENT_3D('',#1628,#1629,#1630);
#1628 = CARTESIAN_POINT('',(-2.65,1.2,5.E-02));
#1629 = DIRECTION('',(-1.224646799147E-16,-1.,0.));
#1630 = DIRECTION('',(0.,0.,1.));
#1631 = ORIENTED_EDGE('',*,*,#1632,.T.);
#1632 = EDGE_CURVE('',#1622,#1633,#1635,.T.);
#1633 = VERTEX_POINT('',#1634);
#1634 = CARTESIAN_POINT('',(-2.7,1.2,0.95));
#1635 = LINE('',#1636,#1637);
#1636 = CARTESIAN_POINT('',(-2.7,1.2,0.));
#1637 = VECTOR('',#1638,1.);
#1638 = DIRECTION('',(0.,0.,1.));
#1639 = ORIENTED_EDGE('',*,*,#1640,.F.);
#1640 = EDGE_CURVE('',#1600,#1633,#1641,.T.);
#1641 = CIRCLE('',#1642,5.E-02);
#1642 = AXIS2_PLACEMENT_3D('',#1643,#1644,#1645);
#1643 = CARTESIAN_POINT('',(-2.65,1.2,0.95));
#1644 = DIRECTION('',(-1.224646799147E-16,-1.,0.));
#1645 = DIRECTION('',(0.,0.,1.));
#1646 = ORIENTED_EDGE('',*,*,#1607,.T.);
#1647 = ORIENTED_EDGE('',*,*,#593,.F.);
#1648 = ORIENTED_EDGE('',*,*,#1649,.F.);
#1649 = EDGE_CURVE('',#1650,#586,#1652,.T.);
#1650 = VERTEX_POINT('',#1651);
#1651 = CARTESIAN_POINT('',(-2.55,1.2,0.9));
#1652 = LINE('',#1653,#1654);
#1653 = CARTESIAN_POINT('',(-2.475,1.2,0.9));
#1654 = VECTOR('',#1655,1.);
#1655 = DIRECTION('',(1.,-1.224646799147E-16,4.996063166392E-32));
#1656 = ORIENTED_EDGE('',*,*,#1657,.T.);
#1657 = EDGE_CURVE('',#1650,#1658,#1660,.T.);
#1658 = VERTEX_POINT('',#1659);
#1659 = CARTESIAN_POINT('',(-2.6,1.2,0.85));
#1660 = CIRCLE('',#1661,5.E-02);
#1661 = AXIS2_PLACEMENT_3D('',#1662,#1663,#1664);
#1662 = CARTESIAN_POINT('',(-2.55,1.2,0.85));
#1663 = DIRECTION('',(-1.224646799147E-16,-1.,0.));
#1664 = DIRECTION('',(-1.,1.224646799147E-16,0.));
#1665 = ORIENTED_EDGE('',*,*,#1666,.T.);
#1666 = EDGE_CURVE('',#1658,#1667,#1669,.T.);
#1667 = VERTEX_POINT('',#1668);
#1668 = CARTESIAN_POINT('',(-2.6,1.2,0.15));
#1669 = LINE('',#1670,#1671);
#1670 = CARTESIAN_POINT('',(-2.6,1.2,5.E-02));
#1671 = VECTOR('',#1672,1.);
#1672 = DIRECTION('',(0.,0.,-1.));
#1673 = ORIENTED_EDGE('',*,*,#1674,.T.);
#1674 = EDGE_CURVE('',#1667,#1320,#1675,.T.);
#1675 = CIRCLE('',#1676,5.E-02);
#1676 = AXIS2_PLACEMENT_3D('',#1677,#1678,#1679);
#1677 = CARTESIAN_POINT('',(-2.55,1.2,0.15));
#1678 = DIRECTION('',(-1.224646799147E-16,-1.,-6.005688260885E-65));
#1679 = DIRECTION('',(4.996063166392E-32,-6.118412765058E-48,-1.));
#1680 = ORIENTED_EDGE('',*,*,#1327,.T.);
#1681 = ORIENTED_EDGE('',*,*,#679,.T.);
#1682 = ORIENTED_EDGE('',*,*,#671,.F.);
#1683 = ORIENTED_EDGE('',*,*,#1684,.F.);
#1684 = EDGE_CURVE('',#1685,#664,#1687,.T.);
#1685 = VERTEX_POINT('',#1686);
#1686 = CARTESIAN_POINT('',(-1.8,1.2,0.));
#1687 = LINE('',#1688,#1689);
#1688 = CARTESIAN_POINT('',(-1.8,1.2,0.));
#1689 = VECTOR('',#1690,1.);
#1690 = DIRECTION('',(0.,0.,1.));
#1691 = ORIENTED_EDGE('',*,*,#1692,.F.);
#1692 = EDGE_CURVE('',#1624,#1685,#1693,.T.);
#1693 = LINE('',#1694,#1695);
#1694 = CARTESIAN_POINT('',(-2.7,1.2,0.));
#1695 = VECTOR('',#1696,1.);
#1696 = DIRECTION('',(1.,-1.224646799147E-16,0.));
#1697 = PLANE('',#1698);
#1698 = AXIS2_PLACEMENT_3D('',#1699,#1700,#1701);
#1699 = CARTESIAN_POINT('',(-2.7,1.2,0.));
#1700 = DIRECTION('',(1.224646799147E-16,1.,0.));
#1701 = DIRECTION('',(1.,-1.224646799147E-16,0.));
#1702 = ADVANCED_FACE('',(#1703),#1721,.F.);
#1703 = FACE_BOUND('',#1704,.F.);
#1704 = EDGE_LOOP('',(#1705,#1706,#1714,#1720));
#1705 = ORIENTED_EDGE('',*,*,#585,.F.);
#1706 = ORIENTED_EDGE('',*,*,#1707,.T.);
#1707 = EDGE_CURVE('',#578,#1708,#1710,.T.);
#1708 = VERTEX_POINT('',#1709);
#1709 = CARTESIAN_POINT('',(-2.55,2.1,0.9));
#1710 = LINE('',#1711,#1712);
#1711 = CARTESIAN_POINT('',(-2.025,2.1,0.9));
#1712 = VECTOR('',#1713,1.);
#1713 = DIRECTION('',(-1.,1.224646799147E-16,-4.996063166392E-32));
#1714 = ORIENTED_EDGE('',*,*,#1715,.T.);
#1715 = EDGE_CURVE('',#1708,#1650,#1716,.T.);
#1716 = LINE('',#1717,#1718);
#1717 = CARTESIAN_POINT('',(-2.55,2.2,0.9));
#1718 = VECTOR('',#1719,1.);
#1719 = DIRECTION('',(-1.224646799147E-16,-1.,0.));
#1720 = ORIENTED_EDGE('',*,*,#1649,.T.);
#1721 = PLANE('',#1722);
#1722 = AXIS2_PLACEMENT_3D('',#1723,#1724,#1725);
#1723 = CARTESIAN_POINT('',(-2.25,1.65,0.9));
#1724 = DIRECTION('',(-4.996063166392E-32,1.556307025767E-32,1.));
#1725 = DIRECTION('',(-1.,1.224646799147E-16,-4.996063166392E-32));
#1726 = ADVANCED_FACE('',(#1727),#1799,.F.);
#1727 = FACE_BOUND('',#1728,.F.);
#1728 = EDGE_LOOP('',(#1729,#1739,#1748,#1756,#1762,#1763,#1764,#1765,
    #1774,#1782,#1789,#1790,#1791,#1792));
#1729 = ORIENTED_EDGE('',*,*,#1730,.F.);
#1730 = EDGE_CURVE('',#1731,#1733,#1735,.T.);
#1731 = VERTEX_POINT('',#1732);
#1732 = CARTESIAN_POINT('',(-2.7,2.1,5.E-02));
#1733 = VERTEX_POINT('',#1734);
#1734 = CARTESIAN_POINT('',(-2.7,2.1,0.95));
#1735 = LINE('',#1736,#1737);
#1736 = CARTESIAN_POINT('',(-2.7,2.1,0.));
#1737 = VECTOR('',#1738,1.);
#1738 = DIRECTION('',(0.,0.,1.));
#1739 = ORIENTED_EDGE('',*,*,#1740,.T.);
#1740 = EDGE_CURVE('',#1731,#1741,#1743,.T.);
#1741 = VERTEX_POINT('',#1742);
#1742 = CARTESIAN_POINT('',(-2.65,2.1,-6.938893903907E-18));
#1743 = CIRCLE('',#1744,5.E-02);
#1744 = AXIS2_PLACEMENT_3D('',#1745,#1746,#1747);
#1745 = CARTESIAN_POINT('',(-2.65,2.1,5.E-02));
#1746 = DIRECTION('',(-1.224646799147E-16,-1.,0.));
#1747 = DIRECTION('',(0.,0.,1.));
#1748 = ORIENTED_EDGE('',*,*,#1749,.F.);
#1749 = EDGE_CURVE('',#1750,#1741,#1752,.T.);
#1750 = VERTEX_POINT('',#1751);
#1751 = CARTESIAN_POINT('',(-1.8,2.1,0.));
#1752 = LINE('',#1753,#1754);
#1753 = CARTESIAN_POINT('',(-1.8,2.1,0.));
#1754 = VECTOR('',#1755,1.);
#1755 = DIRECTION('',(-1.,1.224646799147E-16,0.));
#1756 = ORIENTED_EDGE('',*,*,#1757,.T.);
#1757 = EDGE_CURVE('',#1750,#656,#1758,.T.);
#1758 = LINE('',#1759,#1760);
#1759 = CARTESIAN_POINT('',(-1.8,2.1,0.));
#1760 = VECTOR('',#1761,1.);
#1761 = DIRECTION('',(0.,0.,1.));
#1762 = ORIENTED_EDGE('',*,*,#655,.F.);
#1763 = ORIENTED_EDGE('',*,*,#647,.T.);
#1764 = ORIENTED_EDGE('',*,*,#1311,.T.);
#1765 = ORIENTED_EDGE('',*,*,#1766,.F.);
#1766 = EDGE_CURVE('',#1767,#1312,#1769,.T.);
#1767 = VERTEX_POINT('',#1768);
#1768 = CARTESIAN_POINT('',(-2.6,2.1,0.15));
#1769 = CIRCLE('',#1770,5.E-02);
#1770 = AXIS2_PLACEMENT_3D('',#1771,#1772,#1773);
#1771 = CARTESIAN_POINT('',(-2.55,2.1,0.15));
#1772 = DIRECTION('',(-1.224646799147E-16,-1.,-6.005688260885E-65));
#1773 = DIRECTION('',(4.996063166392E-32,-6.118412765058E-48,-1.));
#1774 = ORIENTED_EDGE('',*,*,#1775,.T.);
#1775 = EDGE_CURVE('',#1767,#1776,#1778,.T.);
#1776 = VERTEX_POINT('',#1777);
#1777 = CARTESIAN_POINT('',(-2.6,2.1,0.85));
#1778 = LINE('',#1779,#1780);
#1779 = CARTESIAN_POINT('',(-2.6,2.1,5.E-02));
#1780 = VECTOR('',#1781,1.);
#1781 = DIRECTION('',(0.,0.,1.));
#1782 = ORIENTED_EDGE('',*,*,#1783,.F.);
#1783 = EDGE_CURVE('',#1708,#1776,#1784,.T.);
#1784 = CIRCLE('',#1785,5.E-02);
#1785 = AXIS2_PLACEMENT_3D('',#1786,#1787,#1788);
#1786 = CARTESIAN_POINT('',(-2.55,2.1,0.85));
#1787 = DIRECTION('',(-1.224646799147E-16,-1.,0.));
#1788 = DIRECTION('',(-1.,1.224646799147E-16,0.));
#1789 = ORIENTED_EDGE('',*,*,#1707,.F.);
#1790 = ORIENTED_EDGE('',*,*,#577,.F.);
#1791 = ORIENTED_EDGE('',*,*,#1591,.T.);
#1792 = ORIENTED_EDGE('',*,*,#1793,.T.);
#1793 = EDGE_CURVE('',#1592,#1733,#1794,.T.);
#1794 = CIRCLE('',#1795,5.E-02);
#1795 = AXIS2_PLACEMENT_3D('',#1796,#1797,#1798);
#1796 = CARTESIAN_POINT('',(-2.65,2.1,0.95));
#1797 = DIRECTION('',(-1.224646799147E-16,-1.,0.));
#1798 = DIRECTION('',(0.,0.,1.));
#1799 = PLANE('',#1800);
#1800 = AXIS2_PLACEMENT_3D('',#1801,#1802,#1803);
#1801 = CARTESIAN_POINT('',(-1.8,2.1,0.));
#1802 = DIRECTION('',(-1.224646799147E-16,-1.,0.));
#1803 = DIRECTION('',(-1.,1.224646799147E-16,0.));
#1804 = ADVANCED_FACE('',(#1805),#1816,.F.);
#1805 = FACE_BOUND('',#1806,.F.);
#1806 = EDGE_LOOP('',(#1807,#1813,#1814,#1815));
#1807 = ORIENTED_EDGE('',*,*,#1808,.F.);
#1808 = EDGE_CURVE('',#1071,#925,#1809,.T.);
#1809 = LINE('',#1810,#1811);
#1810 = CARTESIAN_POINT('',(1.8,2.1,0.));
#1811 = VECTOR('',#1812,1.);
#1812 = DIRECTION('',(-1.224646799147E-16,-1.,0.));
#1813 = ORIENTED_EDGE('',*,*,#1070,.T.);
#1814 = ORIENTED_EDGE('',*,*,#782,.F.);
#1815 = ORIENTED_EDGE('',*,*,#932,.F.);
#1816 = PLANE('',#1817);
#1817 = AXIS2_PLACEMENT_3D('',#1818,#1819,#1820);
#1818 = CARTESIAN_POINT('',(1.8,2.1,0.));
#1819 = DIRECTION('',(1.,-1.224646799147E-16,0.));
#1820 = DIRECTION('',(-1.224646799147E-16,-1.,0.));
#1821 = ADVANCED_FACE('',(#1822),#1833,.F.);
#1822 = FACE_BOUND('',#1823,.F.);
#1823 = EDGE_LOOP('',(#1824,#1830,#1831,#1832));
#1824 = ORIENTED_EDGE('',*,*,#1825,.F.);
#1825 = EDGE_CURVE('',#1187,#1252,#1826,.T.);
#1826 = LINE('',#1827,#1828);
#1827 = CARTESIAN_POINT('',(1.8,-1.2,0.));
#1828 = VECTOR('',#1829,1.);
#1829 = DIRECTION('',(-1.224646799147E-16,-1.,0.));
#1830 = ORIENTED_EDGE('',*,*,#1186,.T.);
#1831 = ORIENTED_EDGE('',*,*,#743,.F.);
#1832 = ORIENTED_EDGE('',*,*,#1259,.F.);
#1833 = PLANE('',#1834);
#1834 = AXIS2_PLACEMENT_3D('',#1835,#1836,#1837);
#1835 = CARTESIAN_POINT('',(1.8,-1.2,0.));
#1836 = DIRECTION('',(1.,-1.224646799147E-16,0.));
#1837 = DIRECTION('',(-1.224646799147E-16,-1.,0.));
#1838 = ADVANCED_FACE('',(#1839),#1850,.F.);
#1839 = FACE_BOUND('',#1840,.F.);
#1840 = EDGE_LOOP('',(#1841,#1847,#1848,#1849));
#1841 = ORIENTED_EDGE('',*,*,#1842,.F.);
#1842 = EDGE_CURVE('',#1467,#1532,#1843,.T.);
#1843 = LINE('',#1844,#1845);
#1844 = CARTESIAN_POINT('',(-1.8,-2.1,0.));
#1845 = VECTOR('',#1846,1.);
#1846 = DIRECTION('',(1.224646799147E-16,1.,0.));
#1847 = ORIENTED_EDGE('',*,*,#1466,.T.);
#1848 = ORIENTED_EDGE('',*,*,#702,.F.);
#1849 = ORIENTED_EDGE('',*,*,#1539,.F.);
#1850 = PLANE('',#1851);
#1851 = AXIS2_PLACEMENT_3D('',#1852,#1853,#1854);
#1852 = CARTESIAN_POINT('',(-1.8,-2.1,0.));
#1853 = DIRECTION('',(-1.,1.224646799147E-16,0.));
#1854 = DIRECTION('',(1.224646799147E-16,1.,0.));
#1855 = ADVANCED_FACE('',(#1856),#1867,.F.);
#1856 = FACE_BOUND('',#1857,.F.);
#1857 = EDGE_LOOP('',(#1858,#1864,#1865,#1866));
#1858 = ORIENTED_EDGE('',*,*,#1859,.F.);
#1859 = EDGE_CURVE('',#1685,#1750,#1860,.T.);
#1860 = LINE('',#1861,#1862);
#1861 = CARTESIAN_POINT('',(-1.8,1.2,0.));
#1862 = VECTOR('',#1863,1.);
#1863 = DIRECTION('',(1.224646799147E-16,1.,0.));
#1864 = ORIENTED_EDGE('',*,*,#1684,.T.);
#1865 = ORIENTED_EDGE('',*,*,#663,.F.);
#1866 = ORIENTED_EDGE('',*,*,#1757,.F.);
#1867 = PLANE('',#1868);
#1868 = AXIS2_PLACEMENT_3D('',#1869,#1870,#1871);
#1869 = CARTESIAN_POINT('',(-1.8,1.2,0.));
#1870 = DIRECTION('',(-1.,1.224646799147E-16,0.));
#1871 = DIRECTION('',(1.224646799147E-16,1.,0.));
#1872 = ADVANCED_FACE('',(#1873),#1884,.F.);
#1873 = FACE_BOUND('',#1874,.F.);
#1874 = EDGE_LOOP('',(#1875,#1876,#1877,#1878));
#1875 = ORIENTED_EDGE('',*,*,#941,.T.);
#1876 = ORIENTED_EDGE('',*,*,#812,.T.);
#1877 = ORIENTED_EDGE('',*,*,#1060,.F.);
#1878 = ORIENTED_EDGE('',*,*,#1879,.F.);
#1879 = EDGE_CURVE('',#942,#1053,#1880,.T.);
#1880 = LINE('',#1881,#1882);
#1881 = CARTESIAN_POINT('',(2.6,1.1,0.15));
#1882 = VECTOR('',#1883,1.);
#1883 = DIRECTION('',(1.224646799147E-16,1.,0.));
#1884 = CYLINDRICAL_SURFACE('',#1885,5.E-02);
#1885 = AXIS2_PLACEMENT_3D('',#1886,#1887,#1888);
#1886 = CARTESIAN_POINT('',(2.55,1.1,0.15));
#1887 = DIRECTION('',(1.224646799147E-16,1.,0.));
#1888 = DIRECTION('',(1.,-1.224646799147E-16,0.));
#1889 = ADVANCED_FACE('',(#1890),#1901,.F.);
#1890 = FACE_BOUND('',#1891,.F.);
#1891 = EDGE_LOOP('',(#1892,#1893,#1894,#1895));
#1892 = ORIENTED_EDGE('',*,*,#1268,.T.);
#1893 = ORIENTED_EDGE('',*,*,#843,.T.);
#1894 = ORIENTED_EDGE('',*,*,#1176,.F.);
#1895 = ORIENTED_EDGE('',*,*,#1896,.F.);
#1896 = EDGE_CURVE('',#1269,#1169,#1897,.T.);
#1897 = LINE('',#1898,#1899);
#1898 = CARTESIAN_POINT('',(2.6,-2.2,0.15));
#1899 = VECTOR('',#1900,1.);
#1900 = DIRECTION('',(1.224646799147E-16,1.,0.));
#1901 = CYLINDRICAL_SURFACE('',#1902,5.E-02);
#1902 = AXIS2_PLACEMENT_3D('',#1903,#1904,#1905);
#1903 = CARTESIAN_POINT('',(2.55,-2.2,0.15));
#1904 = DIRECTION('',(1.224646799147E-16,1.,0.));
#1905 = DIRECTION('',(1.,-1.224646799147E-16,0.));
#1906 = ADVANCED_FACE('',(#1907),#1918,.F.);
#1907 = FACE_BOUND('',#1908,.F.);
#1908 = EDGE_LOOP('',(#1909,#1915,#1916,#1917));
#1909 = ORIENTED_EDGE('',*,*,#1910,.T.);
#1910 = EDGE_CURVE('',#951,#1044,#1911,.T.);
#1911 = LINE('',#1912,#1913);
#1912 = CARTESIAN_POINT('',(2.6,1.1,0.85));
#1913 = VECTOR('',#1914,1.);
#1914 = DIRECTION('',(1.224646799147E-16,1.,0.));
#1915 = ORIENTED_EDGE('',*,*,#1043,.F.);
#1916 = ORIENTED_EDGE('',*,*,#874,.F.);
#1917 = ORIENTED_EDGE('',*,*,#958,.T.);
#1918 = CYLINDRICAL_SURFACE('',#1919,5.E-02);
#1919 = AXIS2_PLACEMENT_3D('',#1920,#1921,#1922);
#1920 = CARTESIAN_POINT('',(2.55,1.1,0.85));
#1921 = DIRECTION('',(1.224646799147E-16,1.,0.));
#1922 = DIRECTION('',(1.,-1.224646799147E-16,0.));
#1923 = ADVANCED_FACE('',(#1924),#1940,.F.);
#1924 = FACE_BOUND('',#1925,.F.);
#1925 = EDGE_LOOP('',(#1926,#1927,#1933,#1934));
#1926 = ORIENTED_EDGE('',*,*,#905,.T.);
#1927 = ORIENTED_EDGE('',*,*,#1928,.T.);
#1928 = EDGE_CURVE('',#908,#1026,#1929,.T.);
#1929 = LINE('',#1930,#1931);
#1930 = CARTESIAN_POINT('',(2.7,1.2,0.95));
#1931 = VECTOR('',#1932,1.);
#1932 = DIRECTION('',(1.224646799147E-16,1.,0.));
#1933 = ORIENTED_EDGE('',*,*,#1025,.F.);
#1934 = ORIENTED_EDGE('',*,*,#1935,.F.);
#1935 = EDGE_CURVE('',#906,#1015,#1936,.T.);
#1936 = LINE('',#1937,#1938);
#1937 = CARTESIAN_POINT('',(2.7,1.2,5.E-02));
#1938 = VECTOR('',#1939,1.);
#1939 = DIRECTION('',(1.224646799147E-16,1.,0.));
#1940 = PLANE('',#1941);
#1941 = AXIS2_PLACEMENT_3D('',#1942,#1943,#1944);
#1942 = CARTESIAN_POINT('',(2.7,1.2,0.));
#1943 = DIRECTION('',(-1.,1.224646799147E-16,0.));
#1944 = DIRECTION('',(1.224646799147E-16,1.,0.));
#1945 = ADVANCED_FACE('',(#1946),#1952,.T.);
#1946 = FACE_BOUND('',#1947,.T.);
#1947 = EDGE_LOOP('',(#1948,#1949,#1950,#1951));
#1948 = ORIENTED_EDGE('',*,*,#1928,.T.);
#1949 = ORIENTED_EDGE('',*,*,#1033,.T.);
#1950 = ORIENTED_EDGE('',*,*,#990,.F.);
#1951 = ORIENTED_EDGE('',*,*,#975,.F.);
#1952 = CYLINDRICAL_SURFACE('',#1953,5.E-02);
#1953 = AXIS2_PLACEMENT_3D('',#1954,#1955,#1956);
#1954 = CARTESIAN_POINT('',(2.65,1.2,0.95));
#1955 = DIRECTION('',(1.224646799147E-16,1.,0.));
#1956 = DIRECTION('',(1.,-1.224646799147E-16,0.));
#1957 = ADVANCED_FACE('',(#1958),#1964,.T.);
#1958 = FACE_BOUND('',#1959,.T.);
#1959 = EDGE_LOOP('',(#1960,#1961,#1962,#1963));
#1960 = ORIENTED_EDGE('',*,*,#1879,.F.);
#1961 = ORIENTED_EDGE('',*,*,#950,.T.);
#1962 = ORIENTED_EDGE('',*,*,#1910,.T.);
#1963 = ORIENTED_EDGE('',*,*,#1052,.T.);
#1964 = PLANE('',#1965);
#1965 = AXIS2_PLACEMENT_3D('',#1966,#1967,#1968);
#1966 = CARTESIAN_POINT('',(2.6,1.1,0.1));
#1967 = DIRECTION('',(-1.,1.224646799147E-16,0.));
#1968 = DIRECTION('',(1.224646799147E-16,1.,0.));
#1969 = ADVANCED_FACE('',(#1970),#1981,.F.);
#1970 = FACE_BOUND('',#1971,.F.);
#1971 = EDGE_LOOP('',(#1972,#1973,#1974,#1975));
#1972 = ORIENTED_EDGE('',*,*,#1078,.T.);
#1973 = ORIENTED_EDGE('',*,*,#1808,.T.);
#1974 = ORIENTED_EDGE('',*,*,#924,.T.);
#1975 = ORIENTED_EDGE('',*,*,#1976,.T.);
#1976 = EDGE_CURVE('',#916,#1017,#1977,.T.);
#1977 = LINE('',#1978,#1979);
#1978 = CARTESIAN_POINT('',(2.65,1.2,-6.938893903907E-18));
#1979 = VECTOR('',#1980,1.);
#1980 = DIRECTION('',(1.224646799147E-16,1.,0.));
#1981 = PLANE('',#1982);
#1982 = AXIS2_PLACEMENT_3D('',#1983,#1984,#1985);
#1983 = CARTESIAN_POINT('',(2.25,1.65,0.));
#1984 = DIRECTION('',(0.,0.,1.));
#1985 = DIRECTION('',(-1.,1.224646799147E-16,0.));
#1986 = ADVANCED_FACE('',(#1987),#1993,.T.);
#1987 = FACE_BOUND('',#1988,.T.);
#1988 = EDGE_LOOP('',(#1989,#1990,#1991,#1992));
#1989 = ORIENTED_EDGE('',*,*,#915,.T.);
#1990 = ORIENTED_EDGE('',*,*,#1976,.T.);
#1991 = ORIENTED_EDGE('',*,*,#1014,.F.);
#1992 = ORIENTED_EDGE('',*,*,#1935,.F.);
#1993 = CYLINDRICAL_SURFACE('',#1994,5.E-02);
#1994 = AXIS2_PLACEMENT_3D('',#1995,#1996,#1997);
#1995 = CARTESIAN_POINT('',(2.65,1.2,5.E-02));
#1996 = DIRECTION('',(1.224646799147E-16,1.,0.));
#1997 = DIRECTION('',(1.,-1.224646799147E-16,0.));
#1998 = ADVANCED_FACE('',(#1999),#2010,.T.);
#1999 = FACE_BOUND('',#2000,.T.);
#2000 = EDGE_LOOP('',(#2001,#2007,#2008,#2009));
#2001 = ORIENTED_EDGE('',*,*,#2002,.T.);
#2002 = EDGE_CURVE('',#1235,#1135,#2003,.T.);
#2003 = LINE('',#2004,#2005);
#2004 = CARTESIAN_POINT('',(2.7,-2.1,0.95));
#2005 = VECTOR('',#2006,1.);
#2006 = DIRECTION('',(1.224646799147E-16,1.,0.));
#2007 = ORIENTED_EDGE('',*,*,#1142,.T.);
#2008 = ORIENTED_EDGE('',*,*,#1092,.F.);
#2009 = ORIENTED_EDGE('',*,*,#1295,.F.);
#2010 = CYLINDRICAL_SURFACE('',#2011,5.E-02);
#2011 = AXIS2_PLACEMENT_3D('',#2012,#2013,#2014);
#2012 = CARTESIAN_POINT('',(2.65,-2.1,0.95));
#2013 = DIRECTION('',(1.224646799147E-16,1.,0.));
#2014 = DIRECTION('',(1.,-1.224646799147E-16,0.));
#2015 = ADVANCED_FACE('',(#2016),#2032,.T.);
#2016 = FACE_BOUND('',#2017,.T.);
#2017 = EDGE_LOOP('',(#2018,#2019,#2025,#2026));
#2018 = ORIENTED_EDGE('',*,*,#1242,.T.);
#2019 = ORIENTED_EDGE('',*,*,#2020,.T.);
#2020 = EDGE_CURVE('',#1243,#1126,#2021,.T.);
#2021 = LINE('',#2022,#2023);
#2022 = CARTESIAN_POINT('',(2.65,-2.1,-6.938893903907E-18));
#2023 = VECTOR('',#2024,1.);
#2024 = DIRECTION('',(1.224646799147E-16,1.,0.));
#2025 = ORIENTED_EDGE('',*,*,#1123,.F.);
#2026 = ORIENTED_EDGE('',*,*,#2027,.F.);
#2027 = EDGE_CURVE('',#1233,#1124,#2028,.T.);
#2028 = LINE('',#2029,#2030);
#2029 = CARTESIAN_POINT('',(2.7,-2.1,5.E-02));
#2030 = VECTOR('',#2031,1.);
#2031 = DIRECTION('',(1.224646799147E-16,1.,0.));
#2032 = CYLINDRICAL_SURFACE('',#2033,5.E-02);
#2033 = AXIS2_PLACEMENT_3D('',#2034,#2035,#2036);
#2034 = CARTESIAN_POINT('',(2.65,-2.1,5.E-02));
#2035 = DIRECTION('',(1.224646799147E-16,1.,0.));
#2036 = DIRECTION('',(1.,-1.224646799147E-16,0.));
#2037 = ADVANCED_FACE('',(#2038),#2044,.F.);
#2038 = FACE_BOUND('',#2039,.F.);
#2039 = EDGE_LOOP('',(#2040,#2041,#2042,#2043));
#2040 = ORIENTED_EDGE('',*,*,#1194,.T.);
#2041 = ORIENTED_EDGE('',*,*,#1825,.T.);
#2042 = ORIENTED_EDGE('',*,*,#1251,.T.);
#2043 = ORIENTED_EDGE('',*,*,#2020,.T.);
#2044 = PLANE('',#2045);
#2045 = AXIS2_PLACEMENT_3D('',#2046,#2047,#2048);
#2046 = CARTESIAN_POINT('',(2.25,-1.65,0.));
#2047 = DIRECTION('',(0.,0.,1.));
#2048 = DIRECTION('',(-1.,1.224646799147E-16,0.));
#2049 = ADVANCED_FACE('',(#2050),#2061,.T.);
#2050 = FACE_BOUND('',#2051,.T.);
#2051 = EDGE_LOOP('',(#2052,#2053,#2054,#2060));
#2052 = ORIENTED_EDGE('',*,*,#1896,.F.);
#2053 = ORIENTED_EDGE('',*,*,#1277,.T.);
#2054 = ORIENTED_EDGE('',*,*,#2055,.T.);
#2055 = EDGE_CURVE('',#1278,#1160,#2056,.T.);
#2056 = LINE('',#2057,#2058);
#2057 = CARTESIAN_POINT('',(2.6,-2.2,0.85));
#2058 = VECTOR('',#2059,1.);
#2059 = DIRECTION('',(1.224646799147E-16,1.,0.));
#2060 = ORIENTED_EDGE('',*,*,#1168,.T.);
#2061 = PLANE('',#2062);
#2062 = AXIS2_PLACEMENT_3D('',#2063,#2064,#2065);
#2063 = CARTESIAN_POINT('',(2.6,-2.2,0.1));
#2064 = DIRECTION('',(-1.,1.224646799147E-16,0.));
#2065 = DIRECTION('',(1.224646799147E-16,1.,0.));
#2066 = ADVANCED_FACE('',(#2067),#2073,.F.);
#2067 = FACE_BOUND('',#2068,.F.);
#2068 = EDGE_LOOP('',(#2069,#2070,#2071,#2072));
#2069 = ORIENTED_EDGE('',*,*,#2055,.T.);
#2070 = ORIENTED_EDGE('',*,*,#1159,.F.);
#2071 = ORIENTED_EDGE('',*,*,#1208,.F.);
#2072 = ORIENTED_EDGE('',*,*,#1285,.T.);
#2073 = CYLINDRICAL_SURFACE('',#2074,5.E-02);
#2074 = AXIS2_PLACEMENT_3D('',#2075,#2076,#2077);
#2075 = CARTESIAN_POINT('',(2.55,-2.2,0.85));
#2076 = DIRECTION('',(1.224646799147E-16,1.,0.));
#2077 = DIRECTION('',(1.,-1.224646799147E-16,0.));
#2078 = ADVANCED_FACE('',(#2079),#2085,.F.);
#2079 = FACE_BOUND('',#2080,.F.);
#2080 = EDGE_LOOP('',(#2081,#2082,#2083,#2084));
#2081 = ORIENTED_EDGE('',*,*,#1232,.T.);
#2082 = ORIENTED_EDGE('',*,*,#2002,.T.);
#2083 = ORIENTED_EDGE('',*,*,#1134,.F.);
#2084 = ORIENTED_EDGE('',*,*,#2027,.F.);
#2085 = PLANE('',#2086);
#2086 = AXIS2_PLACEMENT_3D('',#2087,#2088,#2089);
#2087 = CARTESIAN_POINT('',(2.7,-2.1,0.));
#2088 = DIRECTION('',(-1.,1.224646799147E-16,0.));
#2089 = DIRECTION('',(1.224646799147E-16,1.,0.));
#2090 = ADVANCED_FACE('',(#2091),#2102,.F.);
#2091 = FACE_BOUND('',#2092,.F.);
#2092 = EDGE_LOOP('',(#2093,#2094,#2100,#2101));
#2093 = ORIENTED_EDGE('',*,*,#1674,.F.);
#2094 = ORIENTED_EDGE('',*,*,#2095,.F.);
#2095 = EDGE_CURVE('',#1767,#1667,#2096,.T.);
#2096 = LINE('',#2097,#2098);
#2097 = CARTESIAN_POINT('',(-2.6,2.2,0.15));
#2098 = VECTOR('',#2099,1.);
#2099 = DIRECTION('',(-1.224646799147E-16,-1.,0.));
#2100 = ORIENTED_EDGE('',*,*,#1766,.T.);
#2101 = ORIENTED_EDGE('',*,*,#1319,.T.);
#2102 = CYLINDRICAL_SURFACE('',#2103,5.E-02);
#2103 = AXIS2_PLACEMENT_3D('',#2104,#2105,#2106);
#2104 = CARTESIAN_POINT('',(-2.55,2.2,0.15));
#2105 = DIRECTION('',(-1.224646799147E-16,-1.,0.));
#2106 = DIRECTION('',(4.996063166392E-32,-6.118412765058E-48,-1.));
#2107 = ADVANCED_FACE('',(#2108),#2119,.F.);
#2108 = FACE_BOUND('',#2109,.F.);
#2109 = EDGE_LOOP('',(#2110,#2111,#2117,#2118));
#2110 = ORIENTED_EDGE('',*,*,#1456,.F.);
#2111 = ORIENTED_EDGE('',*,*,#2112,.F.);
#2112 = EDGE_CURVE('',#1549,#1449,#2113,.T.);
#2113 = LINE('',#2114,#2115);
#2114 = CARTESIAN_POINT('',(-2.6,-1.1,0.15));
#2115 = VECTOR('',#2116,1.);
#2116 = DIRECTION('',(-1.224646799147E-16,-1.,0.));
#2117 = ORIENTED_EDGE('',*,*,#1548,.T.);
#2118 = ORIENTED_EDGE('',*,*,#1350,.T.);
#2119 = CYLINDRICAL_SURFACE('',#2120,5.E-02);
#2120 = AXIS2_PLACEMENT_3D('',#2121,#2122,#2123);
#2121 = CARTESIAN_POINT('',(-2.55,-1.1,0.15));
#2122 = DIRECTION('',(-1.224646799147E-16,-1.,0.));
#2123 = DIRECTION('',(4.996063166392E-32,-6.118412765058E-48,-1.));
#2124 = ADVANCED_FACE('',(#2125),#2136,.T.);
#2125 = FACE_BOUND('',#2126,.T.);
#2126 = EDGE_LOOP('',(#2127,#2128,#2134,#2135));
#2127 = ORIENTED_EDGE('',*,*,#1575,.T.);
#2128 = ORIENTED_EDGE('',*,*,#2129,.T.);
#2129 = EDGE_CURVE('',#1515,#1415,#2130,.T.);
#2130 = LINE('',#2131,#2132);
#2131 = CARTESIAN_POINT('',(-2.7,-1.2,0.95));
#2132 = VECTOR('',#2133,1.);
#2133 = DIRECTION('',(-1.224646799147E-16,-1.,0.));
#2134 = ORIENTED_EDGE('',*,*,#1422,.F.);
#2135 = ORIENTED_EDGE('',*,*,#1381,.F.);
#2136 = CYLINDRICAL_SURFACE('',#2137,5.E-02);
#2137 = AXIS2_PLACEMENT_3D('',#2138,#2139,#2140);
#2138 = CARTESIAN_POINT('',(-2.65,-1.2,0.95));
#2139 = DIRECTION('',(-1.224646799147E-16,-1.,0.));
#2140 = DIRECTION('',(0.,0.,1.));
#2141 = ADVANCED_FACE('',(#2142),#2158,.T.);
#2142 = FACE_BOUND('',#2143,.T.);
#2143 = EDGE_LOOP('',(#2144,#2145,#2151,#2152));
#2144 = ORIENTED_EDGE('',*,*,#1522,.T.);
#2145 = ORIENTED_EDGE('',*,*,#2146,.T.);
#2146 = EDGE_CURVE('',#1523,#1406,#2147,.T.);
#2147 = LINE('',#2148,#2149);
#2148 = CARTESIAN_POINT('',(-2.65,-1.2,-6.938893903907E-18));
#2149 = VECTOR('',#2150,1.);
#2150 = DIRECTION('',(-1.224646799147E-16,-1.,0.));
#2151 = ORIENTED_EDGE('',*,*,#1403,.F.);
#2152 = ORIENTED_EDGE('',*,*,#2153,.F.);
#2153 = EDGE_CURVE('',#1513,#1404,#2154,.T.);
#2154 = LINE('',#2155,#2156);
#2155 = CARTESIAN_POINT('',(-2.7,-1.2,5.E-02));
#2156 = VECTOR('',#2157,1.);
#2157 = DIRECTION('',(-1.224646799147E-16,-1.,0.));
#2158 = CYLINDRICAL_SURFACE('',#2159,5.E-02);
#2159 = AXIS2_PLACEMENT_3D('',#2160,#2161,#2162);
#2160 = CARTESIAN_POINT('',(-2.65,-1.2,5.E-02));
#2161 = DIRECTION('',(-1.224646799147E-16,-1.,0.));
#2162 = DIRECTION('',(-1.,1.224646799147E-16,0.));
#2163 = ADVANCED_FACE('',(#2164),#2170,.F.);
#2164 = FACE_BOUND('',#2165,.F.);
#2165 = EDGE_LOOP('',(#2166,#2167,#2168,#2169));
#2166 = ORIENTED_EDGE('',*,*,#1531,.T.);
#2167 = ORIENTED_EDGE('',*,*,#2146,.T.);
#2168 = ORIENTED_EDGE('',*,*,#1474,.T.);
#2169 = ORIENTED_EDGE('',*,*,#1842,.T.);
#2170 = PLANE('',#2171);
#2171 = AXIS2_PLACEMENT_3D('',#2172,#2173,#2174);
#2172 = CARTESIAN_POINT('',(-2.25,-1.65,0.));
#2173 = DIRECTION('',(0.,0.,1.));
#2174 = DIRECTION('',(-1.,1.224646799147E-16,0.));
#2175 = ADVANCED_FACE('',(#2176),#2187,.T.);
#2176 = FACE_BOUND('',#2177,.T.);
#2177 = EDGE_LOOP('',(#2178,#2179,#2180,#2186));
#2178 = ORIENTED_EDGE('',*,*,#2112,.F.);
#2179 = ORIENTED_EDGE('',*,*,#1557,.T.);
#2180 = ORIENTED_EDGE('',*,*,#2181,.T.);
#2181 = EDGE_CURVE('',#1558,#1440,#2182,.T.);
#2182 = LINE('',#2183,#2184);
#2183 = CARTESIAN_POINT('',(-2.6,-1.1,0.85));
#2184 = VECTOR('',#2185,1.);
#2185 = DIRECTION('',(-1.224646799147E-16,-1.,0.));
#2186 = ORIENTED_EDGE('',*,*,#1448,.T.);
#2187 = PLANE('',#2188);
#2188 = AXIS2_PLACEMENT_3D('',#2189,#2190,#2191);
#2189 = CARTESIAN_POINT('',(-2.6,-1.1,0.1));
#2190 = DIRECTION('',(1.,-1.224646799147E-16,0.));
#2191 = DIRECTION('',(-1.224646799147E-16,-1.,0.));
#2192 = ADVANCED_FACE('',(#2193),#2199,.F.);
#2193 = FACE_BOUND('',#2194,.F.);
#2194 = EDGE_LOOP('',(#2195,#2196,#2197,#2198));
#2195 = ORIENTED_EDGE('',*,*,#2181,.T.);
#2196 = ORIENTED_EDGE('',*,*,#1439,.F.);
#2197 = ORIENTED_EDGE('',*,*,#1497,.F.);
#2198 = ORIENTED_EDGE('',*,*,#1565,.T.);
#2199 = CYLINDRICAL_SURFACE('',#2200,5.E-02);
#2200 = AXIS2_PLACEMENT_3D('',#2201,#2202,#2203);
#2201 = CARTESIAN_POINT('',(-2.55,-1.1,0.85));
#2202 = DIRECTION('',(-1.224646799147E-16,-1.,0.));
#2203 = DIRECTION('',(-1.,1.224646799147E-16,0.));
#2204 = ADVANCED_FACE('',(#2205),#2211,.F.);
#2205 = FACE_BOUND('',#2206,.F.);
#2206 = EDGE_LOOP('',(#2207,#2208,#2209,#2210));
#2207 = ORIENTED_EDGE('',*,*,#1512,.T.);
#2208 = ORIENTED_EDGE('',*,*,#2129,.T.);
#2209 = ORIENTED_EDGE('',*,*,#1414,.F.);
#2210 = ORIENTED_EDGE('',*,*,#2153,.F.);
#2211 = PLANE('',#2212);
#2212 = AXIS2_PLACEMENT_3D('',#2213,#2214,#2215);
#2213 = CARTESIAN_POINT('',(-2.7,-1.2,0.));
#2214 = DIRECTION('',(1.,-1.224646799147E-16,0.));
#2215 = DIRECTION('',(-1.224646799147E-16,-1.,0.));
#2216 = ADVANCED_FACE('',(#2217),#2228,.T.);
#2217 = FACE_BOUND('',#2218,.T.);
#2218 = EDGE_LOOP('',(#2219,#2220,#2226,#2227));
#2219 = ORIENTED_EDGE('',*,*,#1793,.T.);
#2220 = ORIENTED_EDGE('',*,*,#2221,.T.);
#2221 = EDGE_CURVE('',#1733,#1633,#2222,.T.);
#2222 = LINE('',#2223,#2224);
#2223 = CARTESIAN_POINT('',(-2.7,2.1,0.95));
#2224 = VECTOR('',#2225,1.);
#2225 = DIRECTION('',(-1.224646799147E-16,-1.,0.));
#2226 = ORIENTED_EDGE('',*,*,#1640,.F.);
#2227 = ORIENTED_EDGE('',*,*,#1599,.F.);
#2228 = CYLINDRICAL_SURFACE('',#2229,5.E-02);
#2229 = AXIS2_PLACEMENT_3D('',#2230,#2231,#2232);
#2230 = CARTESIAN_POINT('',(-2.65,2.1,0.95));
#2231 = DIRECTION('',(-1.224646799147E-16,-1.,0.));
#2232 = DIRECTION('',(0.,0.,1.));
#2233 = ADVANCED_FACE('',(#2234),#2250,.T.);
#2234 = FACE_BOUND('',#2235,.T.);
#2235 = EDGE_LOOP('',(#2236,#2237,#2243,#2244));
#2236 = ORIENTED_EDGE('',*,*,#1740,.T.);
#2237 = ORIENTED_EDGE('',*,*,#2238,.T.);
#2238 = EDGE_CURVE('',#1741,#1624,#2239,.T.);
#2239 = LINE('',#2240,#2241);
#2240 = CARTESIAN_POINT('',(-2.65,2.1,-6.938893903907E-18));
#2241 = VECTOR('',#2242,1.);
#2242 = DIRECTION('',(-1.224646799147E-16,-1.,0.));
#2243 = ORIENTED_EDGE('',*,*,#1621,.F.);
#2244 = ORIENTED_EDGE('',*,*,#2245,.F.);
#2245 = EDGE_CURVE('',#1731,#1622,#2246,.T.);
#2246 = LINE('',#2247,#2248);
#2247 = CARTESIAN_POINT('',(-2.7,2.1,5.E-02));
#2248 = VECTOR('',#2249,1.);
#2249 = DIRECTION('',(-1.224646799147E-16,-1.,0.));
#2250 = CYLINDRICAL_SURFACE('',#2251,5.E-02);
#2251 = AXIS2_PLACEMENT_3D('',#2252,#2253,#2254);
#2252 = CARTESIAN_POINT('',(-2.65,2.1,5.E-02));
#2253 = DIRECTION('',(-1.224646799147E-16,-1.,0.));
#2254 = DIRECTION('',(-1.,1.224646799147E-16,0.));
#2255 = ADVANCED_FACE('',(#2256),#2262,.F.);
#2256 = FACE_BOUND('',#2257,.F.);
#2257 = EDGE_LOOP('',(#2258,#2259,#2260,#2261));
#2258 = ORIENTED_EDGE('',*,*,#1749,.T.);
#2259 = ORIENTED_EDGE('',*,*,#2238,.T.);
#2260 = ORIENTED_EDGE('',*,*,#1692,.T.);
#2261 = ORIENTED_EDGE('',*,*,#1859,.T.);
#2262 = PLANE('',#2263);
#2263 = AXIS2_PLACEMENT_3D('',#2264,#2265,#2266);
#2264 = CARTESIAN_POINT('',(-2.25,1.65,0.));
#2265 = DIRECTION('',(0.,0.,1.));
#2266 = DIRECTION('',(-1.,1.224646799147E-16,0.));
#2267 = ADVANCED_FACE('',(#2268),#2279,.T.);
#2268 = FACE_BOUND('',#2269,.T.);
#2269 = EDGE_LOOP('',(#2270,#2271,#2272,#2278));
#2270 = ORIENTED_EDGE('',*,*,#2095,.F.);
#2271 = ORIENTED_EDGE('',*,*,#1775,.T.);
#2272 = ORIENTED_EDGE('',*,*,#2273,.T.);
#2273 = EDGE_CURVE('',#1776,#1658,#2274,.T.);
#2274 = LINE('',#2275,#2276);
#2275 = CARTESIAN_POINT('',(-2.6,2.2,0.85));
#2276 = VECTOR('',#2277,1.);
#2277 = DIRECTION('',(-1.224646799147E-16,-1.,0.));
#2278 = ORIENTED_EDGE('',*,*,#1666,.T.);
#2279 = PLANE('',#2280);
#2280 = AXIS2_PLACEMENT_3D('',#2281,#2282,#2283);
#2281 = CARTESIAN_POINT('',(-2.6,2.2,0.1));
#2282 = DIRECTION('',(1.,-1.224646799147E-16,0.));
#2283 = DIRECTION('',(-1.224646799147E-16,-1.,0.));
#2284 = ADVANCED_FACE('',(#2285),#2291,.F.);
#2285 = FACE_BOUND('',#2286,.F.);
#2286 = EDGE_LOOP('',(#2287,#2288,#2289,#2290));
#2287 = ORIENTED_EDGE('',*,*,#2273,.T.);
#2288 = ORIENTED_EDGE('',*,*,#1657,.F.);
#2289 = ORIENTED_EDGE('',*,*,#1715,.F.);
#2290 = ORIENTED_EDGE('',*,*,#1783,.T.);
#2291 = CYLINDRICAL_SURFACE('',#2292,5.E-02);
#2292 = AXIS2_PLACEMENT_3D('',#2293,#2294,#2295);
#2293 = CARTESIAN_POINT('',(-2.55,2.2,0.85));
#2294 = DIRECTION('',(-1.224646799147E-16,-1.,0.));
#2295 = DIRECTION('',(-1.,1.224646799147E-16,0.));
#2296 = ADVANCED_FACE('',(#2297),#2303,.F.);
#2297 = FACE_BOUND('',#2298,.F.);
#2298 = EDGE_LOOP('',(#2299,#2300,#2301,#2302));
#2299 = ORIENTED_EDGE('',*,*,#1730,.T.);
#2300 = ORIENTED_EDGE('',*,*,#2221,.T.);
#2301 = ORIENTED_EDGE('',*,*,#1632,.F.);
#2302 = ORIENTED_EDGE('',*,*,#2245,.F.);
#2303 = PLANE('',#2304);
#2304 = AXIS2_PLACEMENT_3D('',#2305,#2306,#2307);
#2305 = CARTESIAN_POINT('',(-2.7,2.1,0.));
#2306 = DIRECTION('',(1.,-1.224646799147E-16,0.));
#2307 = DIRECTION('',(-1.224646799147E-16,-1.,0.));
#2308 = ( GEOMETRIC_REPRESENTATION_CONTEXT(3) 
GLOBAL_UNCERTAINTY_ASSIGNED_CONTEXT((#2312)) 
GLOBAL_UNIT_ASSIGNED_CONTEXT((#2309,#2310,#2311)) REPRESENTATION_CONTEXT
('Context #1','3D Context with UNIT and UNCERTAINTY') );
#2309 = ( LENGTH_UNIT() NAMED_UNIT(*) SI_UNIT(.MILLI.,.METRE.) );
#2310 = ( NAMED_UNIT(*) PLANE_ANGLE_UNIT() SI_UNIT($,.RADIAN.) );
#2311 = ( NAMED_UNIT(*) SI_UNIT($,.STERADIAN.) SOLID_ANGLE_UNIT() );
#2312 = UNCERTAINTY_MEASURE_WITH_UNIT(LENGTH_MEASURE(1.E-07),#2309,
  'distance_accuracy_value','confusion accuracy');
#2313 = CONTEXT_DEPENDENT_SHAPE_REPRESENTATION(#2314,#2316);
#2314 = ( REPRESENTATION_RELATIONSHIP('','',#40,#10) 
REPRESENTATION_RELATIONSHIP_WITH_TRANSFORMATION(#2315) 
SHAPE_REPRESENTATION_RELATIONSHIP() );
#2315 = ITEM_DEFINED_TRANSFORMATION('','',#11,#15);
#2316 = PRODUCT_DEFINITION_SHAPE('Placement','Placement of an item',
  #2317);
#2317 = NEXT_ASSEMBLY_USAGE_OCCURRENCE('1','Led','',#5,#35,$);
#2318 = PRODUCT_RELATED_PRODUCT_CATEGORY('part',$,(#37));
#2319 = CONTEXT_DEPENDENT_SHAPE_REPRESENTATION(#2320,#2322);
#2320 = ( REPRESENTATION_RELATIONSHIP('','',#40,#10) 
REPRESENTATION_RELATIONSHIP_WITH_TRANSFORMATION(#2321) 
SHAPE_REPRESENTATION_RELATIONSHIP() );
#2321 = ITEM_DEFINED_TRANSFORMATION('','',#11,#19);
#2322 = PRODUCT_DEFINITION_SHAPE('Placement','Placement of an item',
  #2323);
#2323 = NEXT_ASSEMBLY_USAGE_OCCURRENCE('2','Led','',#5,#35,$);
#2324 = SHAPE_DEFINITION_REPRESENTATION(#2325,#2331);
#2325 = PRODUCT_DEFINITION_SHAPE('','',#2326);
#2326 = PRODUCT_DEFINITION('design','',#2327,#2330);
#2327 = PRODUCT_DEFINITION_FORMATION('','',#2328);
#2328 = PRODUCT('Casella_PCB','Casella_PCB','',(#2329));
#2329 = PRODUCT_CONTEXT('',#2,'mechanical');
#2330 = PRODUCT_DEFINITION_CONTEXT('part definition',#2,'design');
#2331 = ADVANCED_BREP_SHAPE_REPRESENTATION('',(#11,#2332),#2872);
#2332 = MANIFOLD_SOLID_BREP('',#2333);
#2333 = CLOSED_SHELL('',(#2334,#2374,#2405,#2436,#2563,#2690,#2702,#2719
    ,#2736,#2753,#2770,#2787,#2804,#2821,#2838,#2855));
#2334 = ADVANCED_FACE('',(#2335),#2369,.T.);
#2335 = FACE_BOUND('',#2336,.T.);
#2336 = EDGE_LOOP('',(#2337,#2347,#2355,#2363));
#2337 = ORIENTED_EDGE('',*,*,#2338,.T.);
#2338 = EDGE_CURVE('',#2339,#2341,#2343,.T.);
#2339 = VERTEX_POINT('',#2340);
#2340 = CARTESIAN_POINT('',(203.9,-69.4,0.));
#2341 = VERTEX_POINT('',#2342);
#2342 = CARTESIAN_POINT('',(203.9,-69.4,1.51));
#2343 = LINE('',#2344,#2345);
#2344 = CARTESIAN_POINT('',(203.9,-69.4,0.));
#2345 = VECTOR('',#2346,1.);
#2346 = DIRECTION('',(0.,0.,1.));
#2347 = ORIENTED_EDGE('',*,*,#2348,.T.);
#2348 = EDGE_CURVE('',#2341,#2349,#2351,.T.);
#2349 = VERTEX_POINT('',#2350);
#2350 = CARTESIAN_POINT('',(174.1,-69.4,1.51));
#2351 = LINE('',#2352,#2353);
#2352 = CARTESIAN_POINT('',(203.9,-69.4,1.51));
#2353 = VECTOR('',#2354,1.);
#2354 = DIRECTION('',(-1.,0.,0.));
#2355 = ORIENTED_EDGE('',*,*,#2356,.F.);
#2356 = EDGE_CURVE('',#2357,#2349,#2359,.T.);
#2357 = VERTEX_POINT('',#2358);
#2358 = CARTESIAN_POINT('',(174.1,-69.4,0.));
#2359 = LINE('',#2360,#2361);
#2360 = CARTESIAN_POINT('',(174.1,-69.4,0.));
#2361 = VECTOR('',#2362,1.);
#2362 = DIRECTION('',(0.,0.,1.));
#2363 = ORIENTED_EDGE('',*,*,#2364,.F.);
#2364 = EDGE_CURVE('',#2339,#2357,#2365,.T.);
#2365 = LINE('',#2366,#2367);
#2366 = CARTESIAN_POINT('',(203.9,-69.4,0.));
#2367 = VECTOR('',#2368,1.);
#2368 = DIRECTION('',(-1.,0.,0.));
#2369 = PLANE('',#2370);
#2370 = AXIS2_PLACEMENT_3D('',#2371,#2372,#2373);
#2371 = CARTESIAN_POINT('',(203.9,-69.4,0.));
#2372 = DIRECTION('',(0.,-1.,0.));
#2373 = DIRECTION('',(-1.,0.,0.));
#2374 = ADVANCED_FACE('',(#2375),#2400,.T.);
#2375 = FACE_BOUND('',#2376,.T.);
#2376 = EDGE_LOOP('',(#2377,#2387,#2393,#2394));
#2377 = ORIENTED_EDGE('',*,*,#2378,.T.);
#2378 = EDGE_CURVE('',#2379,#2381,#2383,.T.);
#2379 = VERTEX_POINT('',#2380);
#2380 = CARTESIAN_POINT('',(203.9,-39.6,0.));
#2381 = VERTEX_POINT('',#2382);
#2382 = CARTESIAN_POINT('',(203.9,-39.6,1.51));
#2383 = LINE('',#2384,#2385);
#2384 = CARTESIAN_POINT('',(203.9,-39.6,0.));
#2385 = VECTOR('',#2386,1.);
#2386 = DIRECTION('',(0.,0.,1.));
#2387 = ORIENTED_EDGE('',*,*,#2388,.T.);
#2388 = EDGE_CURVE('',#2381,#2341,#2389,.T.);
#2389 = LINE('',#2390,#2391);
#2390 = CARTESIAN_POINT('',(203.9,-39.6,1.51));
#2391 = VECTOR('',#2392,1.);
#2392 = DIRECTION('',(0.,-1.,0.));
#2393 = ORIENTED_EDGE('',*,*,#2338,.F.);
#2394 = ORIENTED_EDGE('',*,*,#2395,.F.);
#2395 = EDGE_CURVE('',#2379,#2339,#2396,.T.);
#2396 = LINE('',#2397,#2398);
#2397 = CARTESIAN_POINT('',(203.9,-39.6,0.));
#2398 = VECTOR('',#2399,1.);
#2399 = DIRECTION('',(0.,-1.,0.));
#2400 = PLANE('',#2401);
#2401 = AXIS2_PLACEMENT_3D('',#2402,#2403,#2404);
#2402 = CARTESIAN_POINT('',(203.9,-39.6,0.));
#2403 = DIRECTION('',(1.,0.,-0.));
#2404 = DIRECTION('',(0.,-1.,0.));
#2405 = ADVANCED_FACE('',(#2406),#2431,.T.);
#2406 = FACE_BOUND('',#2407,.T.);
#2407 = EDGE_LOOP('',(#2408,#2409,#2417,#2425));
#2408 = ORIENTED_EDGE('',*,*,#2356,.T.);
#2409 = ORIENTED_EDGE('',*,*,#2410,.T.);
#2410 = EDGE_CURVE('',#2349,#2411,#2413,.T.);
#2411 = VERTEX_POINT('',#2412);
#2412 = CARTESIAN_POINT('',(174.1,-39.6,1.51));
#2413 = LINE('',#2414,#2415);
#2414 = CARTESIAN_POINT('',(174.1,-69.4,1.51));
#2415 = VECTOR('',#2416,1.);
#2416 = DIRECTION('',(0.,1.,0.));
#2417 = ORIENTED_EDGE('',*,*,#2418,.F.);
#2418 = EDGE_CURVE('',#2419,#2411,#2421,.T.);
#2419 = VERTEX_POINT('',#2420);
#2420 = CARTESIAN_POINT('',(174.1,-39.6,0.));
#2421 = LINE('',#2422,#2423);
#2422 = CARTESIAN_POINT('',(174.1,-39.6,0.));
#2423 = VECTOR('',#2424,1.);
#2424 = DIRECTION('',(0.,0.,1.));
#2425 = ORIENTED_EDGE('',*,*,#2426,.F.);
#2426 = EDGE_CURVE('',#2357,#2419,#2427,.T.);
#2427 = LINE('',#2428,#2429);
#2428 = CARTESIAN_POINT('',(174.1,-69.4,0.));
#2429 = VECTOR('',#2430,1.);
#2430 = DIRECTION('',(0.,1.,0.));
#2431 = PLANE('',#2432);
#2432 = AXIS2_PLACEMENT_3D('',#2433,#2434,#2435);
#2433 = CARTESIAN_POINT('',(174.1,-69.4,0.));
#2434 = DIRECTION('',(-1.,0.,0.));
#2435 = DIRECTION('',(0.,1.,0.));
#2436 = ADVANCED_FACE('',(#2437,#2448,#2459,#2470,#2481,#2492,#2503,
    #2514,#2525,#2536,#2547),#2558,.F.);
#2437 = FACE_BOUND('',#2438,.F.);
#2438 = EDGE_LOOP('',(#2439,#2440,#2441,#2447));
#2439 = ORIENTED_EDGE('',*,*,#2364,.F.);
#2440 = ORIENTED_EDGE('',*,*,#2395,.F.);
#2441 = ORIENTED_EDGE('',*,*,#2442,.F.);
#2442 = EDGE_CURVE('',#2419,#2379,#2443,.T.);
#2443 = LINE('',#2444,#2445);
#2444 = CARTESIAN_POINT('',(174.1,-39.6,0.));
#2445 = VECTOR('',#2446,1.);
#2446 = DIRECTION('',(1.,0.,0.));
#2447 = ORIENTED_EDGE('',*,*,#2426,.F.);
#2448 = FACE_BOUND('',#2449,.F.);
#2449 = EDGE_LOOP('',(#2450));
#2450 = ORIENTED_EDGE('',*,*,#2451,.T.);
#2451 = EDGE_CURVE('',#2452,#2452,#2454,.T.);
#2452 = VERTEX_POINT('',#2453);
#2453 = CARTESIAN_POINT('',(180.,-57.54,0.));
#2454 = CIRCLE('',#2455,0.5);
#2455 = AXIS2_PLACEMENT_3D('',#2456,#2457,#2458);
#2456 = CARTESIAN_POINT('',(180.,-57.04,0.));
#2457 = DIRECTION('',(-0.,0.,-1.));
#2458 = DIRECTION('',(-0.,-1.,0.));
#2459 = FACE_BOUND('',#2460,.F.);
#2460 = EDGE_LOOP('',(#2461));
#2461 = ORIENTED_EDGE('',*,*,#2462,.T.);
#2462 = EDGE_CURVE('',#2463,#2463,#2465,.T.);
#2463 = VERTEX_POINT('',#2464);
#2464 = CARTESIAN_POINT('',(180.,-55.,0.));
#2465 = CIRCLE('',#2466,0.5);
#2466 = AXIS2_PLACEMENT_3D('',#2467,#2468,#2469);
#2467 = CARTESIAN_POINT('',(180.,-54.5,0.));
#2468 = DIRECTION('',(-0.,0.,-1.));
#2469 = DIRECTION('',(-0.,-1.,0.));
#2470 = FACE_BOUND('',#2471,.F.);
#2471 = EDGE_LOOP('',(#2472));
#2472 = ORIENTED_EDGE('',*,*,#2473,.T.);
#2473 = EDGE_CURVE('',#2474,#2474,#2476,.T.);
#2474 = VERTEX_POINT('',#2475);
#2475 = CARTESIAN_POINT('',(185.,-55.,0.));
#2476 = CIRCLE('',#2477,0.5);
#2477 = AXIS2_PLACEMENT_3D('',#2478,#2479,#2480);
#2478 = CARTESIAN_POINT('',(185.,-54.5,0.));
#2479 = DIRECTION('',(-0.,0.,-1.));
#2480 = DIRECTION('',(-0.,-1.,0.));
#2481 = FACE_BOUND('',#2482,.F.);
#2482 = EDGE_LOOP('',(#2483));
#2483 = ORIENTED_EDGE('',*,*,#2484,.T.);
#2484 = EDGE_CURVE('',#2485,#2485,#2487,.T.);
#2485 = VERTEX_POINT('',#2486);
#2486 = CARTESIAN_POINT('',(189.,-57.5,0.));
#2487 = CIRCLE('',#2488,0.5);
#2488 = AXIS2_PLACEMENT_3D('',#2489,#2490,#2491);
#2489 = CARTESIAN_POINT('',(189.,-57.,0.));
#2490 = DIRECTION('',(-0.,0.,-1.));
#2491 = DIRECTION('',(-0.,-1.,0.));
#2492 = FACE_BOUND('',#2493,.F.);
#2493 = EDGE_LOOP('',(#2494));
#2494 = ORIENTED_EDGE('',*,*,#2495,.T.);
#2495 = EDGE_CURVE('',#2496,#2496,#2498,.T.);
#2496 = VERTEX_POINT('',#2497);
#2497 = CARTESIAN_POINT('',(198.,-57.5,0.));
#2498 = CIRCLE('',#2499,0.5);
#2499 = AXIS2_PLACEMENT_3D('',#2500,#2501,#2502);
#2500 = CARTESIAN_POINT('',(198.,-57.,0.));
#2501 = DIRECTION('',(-0.,0.,-1.));
#2502 = DIRECTION('',(-0.,-1.,0.));
#2503 = FACE_BOUND('',#2504,.F.);
#2504 = EDGE_LOOP('',(#2505));
#2505 = ORIENTED_EDGE('',*,*,#2506,.T.);
#2506 = EDGE_CURVE('',#2507,#2507,#2509,.T.);
#2507 = VERTEX_POINT('',#2508);
#2508 = CARTESIAN_POINT('',(180.,-52.46,0.));
#2509 = CIRCLE('',#2510,0.5);
#2510 = AXIS2_PLACEMENT_3D('',#2511,#2512,#2513);
#2511 = CARTESIAN_POINT('',(180.,-51.96,0.));
#2512 = DIRECTION('',(-0.,0.,-1.));
#2513 = DIRECTION('',(-0.,-1.,0.));
#2514 = FACE_BOUND('',#2515,.F.);
#2515 = EDGE_LOOP('',(#2516));
#2516 = ORIENTED_EDGE('',*,*,#2517,.T.);
#2517 = EDGE_CURVE('',#2518,#2518,#2520,.T.);
#2518 = VERTEX_POINT('',#2519);
#2519 = CARTESIAN_POINT('',(189.,-54.96,0.));
#2520 = CIRCLE('',#2521,0.5);
#2521 = AXIS2_PLACEMENT_3D('',#2522,#2523,#2524);
#2522 = CARTESIAN_POINT('',(189.,-54.46,0.));
#2523 = DIRECTION('',(-0.,0.,-1.));
#2524 = DIRECTION('',(-0.,-1.,0.));
#2525 = FACE_BOUND('',#2526,.F.);
#2526 = EDGE_LOOP('',(#2527));
#2527 = ORIENTED_EDGE('',*,*,#2528,.T.);
#2528 = EDGE_CURVE('',#2529,#2529,#2531,.T.);
#2529 = VERTEX_POINT('',#2530);
#2530 = CARTESIAN_POINT('',(198.,-54.96,0.));
#2531 = CIRCLE('',#2532,0.5);
#2532 = AXIS2_PLACEMENT_3D('',#2533,#2534,#2535);
#2533 = CARTESIAN_POINT('',(198.,-54.46,0.));
#2534 = DIRECTION('',(-0.,0.,-1.));
#2535 = DIRECTION('',(-0.,-1.,0.));
#2536 = FACE_BOUND('',#2537,.F.);
#2537 = EDGE_LOOP('',(#2538));
#2538 = ORIENTED_EDGE('',*,*,#2539,.T.);
#2539 = EDGE_CURVE('',#2540,#2540,#2542,.T.);
#2540 = VERTEX_POINT('',#2541);
#2541 = CARTESIAN_POINT('',(189.,-52.42,0.));
#2542 = CIRCLE('',#2543,0.5);
#2543 = AXIS2_PLACEMENT_3D('',#2544,#2545,#2546);
#2544 = CARTESIAN_POINT('',(189.,-51.92,0.));
#2545 = DIRECTION('',(-0.,0.,-1.));
#2546 = DIRECTION('',(-0.,-1.,0.));
#2547 = FACE_BOUND('',#2548,.F.);
#2548 = EDGE_LOOP('',(#2549));
#2549 = ORIENTED_EDGE('',*,*,#2550,.T.);
#2550 = EDGE_CURVE('',#2551,#2551,#2553,.T.);
#2551 = VERTEX_POINT('',#2552);
#2552 = CARTESIAN_POINT('',(198.,-52.42,0.));
#2553 = CIRCLE('',#2554,0.5);
#2554 = AXIS2_PLACEMENT_3D('',#2555,#2556,#2557);
#2555 = CARTESIAN_POINT('',(198.,-51.92,0.));
#2556 = DIRECTION('',(-0.,0.,-1.));
#2557 = DIRECTION('',(-0.,-1.,0.));
#2558 = PLANE('',#2559);
#2559 = AXIS2_PLACEMENT_3D('',#2560,#2561,#2562);
#2560 = CARTESIAN_POINT('',(0.,0.,0.));
#2561 = DIRECTION('',(0.,0.,1.));
#2562 = DIRECTION('',(1.,0.,-0.));
#2563 = ADVANCED_FACE('',(#2564,#2575,#2586,#2597,#2608,#2619,#2630,
    #2641,#2652,#2663,#2674),#2685,.T.);
#2564 = FACE_BOUND('',#2565,.T.);
#2565 = EDGE_LOOP('',(#2566,#2567,#2568,#2574));
#2566 = ORIENTED_EDGE('',*,*,#2348,.F.);
#2567 = ORIENTED_EDGE('',*,*,#2388,.F.);
#2568 = ORIENTED_EDGE('',*,*,#2569,.F.);
#2569 = EDGE_CURVE('',#2411,#2381,#2570,.T.);
#2570 = LINE('',#2571,#2572);
#2571 = CARTESIAN_POINT('',(174.1,-39.6,1.51));
#2572 = VECTOR('',#2573,1.);
#2573 = DIRECTION('',(1.,0.,0.));
#2574 = ORIENTED_EDGE('',*,*,#2410,.F.);
#2575 = FACE_BOUND('',#2576,.T.);
#2576 = EDGE_LOOP('',(#2577));
#2577 = ORIENTED_EDGE('',*,*,#2578,.T.);
#2578 = EDGE_CURVE('',#2579,#2579,#2581,.T.);
#2579 = VERTEX_POINT('',#2580);
#2580 = CARTESIAN_POINT('',(180.,-57.54,1.51));
#2581 = CIRCLE('',#2582,0.5);
#2582 = AXIS2_PLACEMENT_3D('',#2583,#2584,#2585);
#2583 = CARTESIAN_POINT('',(180.,-57.04,1.51));
#2584 = DIRECTION('',(-0.,0.,-1.));
#2585 = DIRECTION('',(-0.,-1.,0.));
#2586 = FACE_BOUND('',#2587,.T.);
#2587 = EDGE_LOOP('',(#2588));
#2588 = ORIENTED_EDGE('',*,*,#2589,.T.);
#2589 = EDGE_CURVE('',#2590,#2590,#2592,.T.);
#2590 = VERTEX_POINT('',#2591);
#2591 = CARTESIAN_POINT('',(180.,-55.,1.51));
#2592 = CIRCLE('',#2593,0.5);
#2593 = AXIS2_PLACEMENT_3D('',#2594,#2595,#2596);
#2594 = CARTESIAN_POINT('',(180.,-54.5,1.51));
#2595 = DIRECTION('',(-0.,0.,-1.));
#2596 = DIRECTION('',(-0.,-1.,0.));
#2597 = FACE_BOUND('',#2598,.T.);
#2598 = EDGE_LOOP('',(#2599));
#2599 = ORIENTED_EDGE('',*,*,#2600,.T.);
#2600 = EDGE_CURVE('',#2601,#2601,#2603,.T.);
#2601 = VERTEX_POINT('',#2602);
#2602 = CARTESIAN_POINT('',(185.,-55.,1.51));
#2603 = CIRCLE('',#2604,0.5);
#2604 = AXIS2_PLACEMENT_3D('',#2605,#2606,#2607);
#2605 = CARTESIAN_POINT('',(185.,-54.5,1.51));
#2606 = DIRECTION('',(-0.,0.,-1.));
#2607 = DIRECTION('',(-0.,-1.,0.));
#2608 = FACE_BOUND('',#2609,.T.);
#2609 = EDGE_LOOP('',(#2610));
#2610 = ORIENTED_EDGE('',*,*,#2611,.T.);
#2611 = EDGE_CURVE('',#2612,#2612,#2614,.T.);
#2612 = VERTEX_POINT('',#2613);
#2613 = CARTESIAN_POINT('',(189.,-57.5,1.51));
#2614 = CIRCLE('',#2615,0.5);
#2615 = AXIS2_PLACEMENT_3D('',#2616,#2617,#2618);
#2616 = CARTESIAN_POINT('',(189.,-57.,1.51));
#2617 = DIRECTION('',(-0.,0.,-1.));
#2618 = DIRECTION('',(-0.,-1.,0.));
#2619 = FACE_BOUND('',#2620,.T.);
#2620 = EDGE_LOOP('',(#2621));
#2621 = ORIENTED_EDGE('',*,*,#2622,.T.);
#2622 = EDGE_CURVE('',#2623,#2623,#2625,.T.);
#2623 = VERTEX_POINT('',#2624);
#2624 = CARTESIAN_POINT('',(198.,-57.5,1.51));
#2625 = CIRCLE('',#2626,0.5);
#2626 = AXIS2_PLACEMENT_3D('',#2627,#2628,#2629);
#2627 = CARTESIAN_POINT('',(198.,-57.,1.51));
#2628 = DIRECTION('',(-0.,0.,-1.));
#2629 = DIRECTION('',(-0.,-1.,0.));
#2630 = FACE_BOUND('',#2631,.T.);
#2631 = EDGE_LOOP('',(#2632));
#2632 = ORIENTED_EDGE('',*,*,#2633,.T.);
#2633 = EDGE_CURVE('',#2634,#2634,#2636,.T.);
#2634 = VERTEX_POINT('',#2635);
#2635 = CARTESIAN_POINT('',(180.,-52.46,1.51));
#2636 = CIRCLE('',#2637,0.5);
#2637 = AXIS2_PLACEMENT_3D('',#2638,#2639,#2640);
#2638 = CARTESIAN_POINT('',(180.,-51.96,1.51));
#2639 = DIRECTION('',(-0.,0.,-1.));
#2640 = DIRECTION('',(-0.,-1.,0.));
#2641 = FACE_BOUND('',#2642,.T.);
#2642 = EDGE_LOOP('',(#2643));
#2643 = ORIENTED_EDGE('',*,*,#2644,.T.);
#2644 = EDGE_CURVE('',#2645,#2645,#2647,.T.);
#2645 = VERTEX_POINT('',#2646);
#2646 = CARTESIAN_POINT('',(189.,-54.96,1.51));
#2647 = CIRCLE('',#2648,0.5);
#2648 = AXIS2_PLACEMENT_3D('',#2649,#2650,#2651);
#2649 = CARTESIAN_POINT('',(189.,-54.46,1.51));
#2650 = DIRECTION('',(-0.,0.,-1.));
#2651 = DIRECTION('',(-0.,-1.,0.));
#2652 = FACE_BOUND('',#2653,.T.);
#2653 = EDGE_LOOP('',(#2654));
#2654 = ORIENTED_EDGE('',*,*,#2655,.T.);
#2655 = EDGE_CURVE('',#2656,#2656,#2658,.T.);
#2656 = VERTEX_POINT('',#2657);
#2657 = CARTESIAN_POINT('',(198.,-54.96,1.51));
#2658 = CIRCLE('',#2659,0.5);
#2659 = AXIS2_PLACEMENT_3D('',#2660,#2661,#2662);
#2660 = CARTESIAN_POINT('',(198.,-54.46,1.51));
#2661 = DIRECTION('',(-0.,0.,-1.));
#2662 = DIRECTION('',(-0.,-1.,0.));
#2663 = FACE_BOUND('',#2664,.T.);
#2664 = EDGE_LOOP('',(#2665));
#2665 = ORIENTED_EDGE('',*,*,#2666,.T.);
#2666 = EDGE_CURVE('',#2667,#2667,#2669,.T.);
#2667 = VERTEX_POINT('',#2668);
#2668 = CARTESIAN_POINT('',(189.,-52.42,1.51));
#2669 = CIRCLE('',#2670,0.5);
#2670 = AXIS2_PLACEMENT_3D('',#2671,#2672,#2673);
#2671 = CARTESIAN_POINT('',(189.,-51.92,1.51));
#2672 = DIRECTION('',(-0.,0.,-1.));
#2673 = DIRECTION('',(-0.,-1.,0.));
#2674 = FACE_BOUND('',#2675,.T.);
#2675 = EDGE_LOOP('',(#2676));
#2676 = ORIENTED_EDGE('',*,*,#2677,.T.);
#2677 = EDGE_CURVE('',#2678,#2678,#2680,.T.);
#2678 = VERTEX_POINT('',#2679);
#2679 = CARTESIAN_POINT('',(198.,-52.42,1.51));
#2680 = CIRCLE('',#2681,0.5);
#2681 = AXIS2_PLACEMENT_3D('',#2682,#2683,#2684);
#2682 = CARTESIAN_POINT('',(198.,-51.92,1.51));
#2683 = DIRECTION('',(-0.,0.,-1.));
#2684 = DIRECTION('',(-0.,-1.,0.));
#2685 = PLANE('',#2686);
#2686 = AXIS2_PLACEMENT_3D('',#2687,#2688,#2689);
#2687 = CARTESIAN_POINT('',(0.,0.,1.51));
#2688 = DIRECTION('',(0.,0.,1.));
#2689 = DIRECTION('',(1.,0.,-0.));
#2690 = ADVANCED_FACE('',(#2691),#2697,.T.);
#2691 = FACE_BOUND('',#2692,.T.);
#2692 = EDGE_LOOP('',(#2693,#2694,#2695,#2696));
#2693 = ORIENTED_EDGE('',*,*,#2418,.T.);
#2694 = ORIENTED_EDGE('',*,*,#2569,.T.);
#2695 = ORIENTED_EDGE('',*,*,#2378,.F.);
#2696 = ORIENTED_EDGE('',*,*,#2442,.F.);
#2697 = PLANE('',#2698);
#2698 = AXIS2_PLACEMENT_3D('',#2699,#2700,#2701);
#2699 = CARTESIAN_POINT('',(174.1,-39.6,0.));
#2700 = DIRECTION('',(0.,1.,0.));
#2701 = DIRECTION('',(1.,0.,0.));
#2702 = ADVANCED_FACE('',(#2703),#2714,.F.);
#2703 = FACE_BOUND('',#2704,.T.);
#2704 = EDGE_LOOP('',(#2705,#2706,#2712,#2713));
#2705 = ORIENTED_EDGE('',*,*,#2451,.T.);
#2706 = ORIENTED_EDGE('',*,*,#2707,.T.);
#2707 = EDGE_CURVE('',#2452,#2579,#2708,.T.);
#2708 = LINE('',#2709,#2710);
#2709 = CARTESIAN_POINT('',(180.,-57.54,-4.6E-02));
#2710 = VECTOR('',#2711,1.);
#2711 = DIRECTION('',(0.,0.,1.));
#2712 = ORIENTED_EDGE('',*,*,#2578,.F.);
#2713 = ORIENTED_EDGE('',*,*,#2707,.F.);
#2714 = CYLINDRICAL_SURFACE('',#2715,0.5);
#2715 = AXIS2_PLACEMENT_3D('',#2716,#2717,#2718);
#2716 = CARTESIAN_POINT('',(180.,-57.04,-4.6E-02));
#2717 = DIRECTION('',(-0.,-0.,-1.));
#2718 = DIRECTION('',(-0.,-1.,0.));
#2719 = ADVANCED_FACE('',(#2720),#2731,.F.);
#2720 = FACE_BOUND('',#2721,.T.);
#2721 = EDGE_LOOP('',(#2722,#2723,#2729,#2730));
#2722 = ORIENTED_EDGE('',*,*,#2462,.T.);
#2723 = ORIENTED_EDGE('',*,*,#2724,.T.);
#2724 = EDGE_CURVE('',#2463,#2590,#2725,.T.);
#2725 = LINE('',#2726,#2727);
#2726 = CARTESIAN_POINT('',(180.,-55.,-4.6E-02));
#2727 = VECTOR('',#2728,1.);
#2728 = DIRECTION('',(0.,0.,1.));
#2729 = ORIENTED_EDGE('',*,*,#2589,.F.);
#2730 = ORIENTED_EDGE('',*,*,#2724,.F.);
#2731 = CYLINDRICAL_SURFACE('',#2732,0.5);
#2732 = AXIS2_PLACEMENT_3D('',#2733,#2734,#2735);
#2733 = CARTESIAN_POINT('',(180.,-54.5,-4.6E-02));
#2734 = DIRECTION('',(-0.,-0.,-1.));
#2735 = DIRECTION('',(-0.,-1.,0.));
#2736 = ADVANCED_FACE('',(#2737),#2748,.F.);
#2737 = FACE_BOUND('',#2738,.T.);
#2738 = EDGE_LOOP('',(#2739,#2740,#2746,#2747));
#2739 = ORIENTED_EDGE('',*,*,#2473,.T.);
#2740 = ORIENTED_EDGE('',*,*,#2741,.T.);
#2741 = EDGE_CURVE('',#2474,#2601,#2742,.T.);
#2742 = LINE('',#2743,#2744);
#2743 = CARTESIAN_POINT('',(185.,-55.,-4.6E-02));
#2744 = VECTOR('',#2745,1.);
#2745 = DIRECTION('',(0.,0.,1.));
#2746 = ORIENTED_EDGE('',*,*,#2600,.F.);
#2747 = ORIENTED_EDGE('',*,*,#2741,.F.);
#2748 = CYLINDRICAL_SURFACE('',#2749,0.5);
#2749 = AXIS2_PLACEMENT_3D('',#2750,#2751,#2752);
#2750 = CARTESIAN_POINT('',(185.,-54.5,-4.6E-02));
#2751 = DIRECTION('',(-0.,-0.,-1.));
#2752 = DIRECTION('',(-0.,-1.,0.));
#2753 = ADVANCED_FACE('',(#2754),#2765,.F.);
#2754 = FACE_BOUND('',#2755,.T.);
#2755 = EDGE_LOOP('',(#2756,#2757,#2763,#2764));
#2756 = ORIENTED_EDGE('',*,*,#2484,.T.);
#2757 = ORIENTED_EDGE('',*,*,#2758,.T.);
#2758 = EDGE_CURVE('',#2485,#2612,#2759,.T.);
#2759 = LINE('',#2760,#2761);
#2760 = CARTESIAN_POINT('',(189.,-57.5,-4.6E-02));
#2761 = VECTOR('',#2762,1.);
#2762 = DIRECTION('',(0.,0.,1.));
#2763 = ORIENTED_EDGE('',*,*,#2611,.F.);
#2764 = ORIENTED_EDGE('',*,*,#2758,.F.);
#2765 = CYLINDRICAL_SURFACE('',#2766,0.5);
#2766 = AXIS2_PLACEMENT_3D('',#2767,#2768,#2769);
#2767 = CARTESIAN_POINT('',(189.,-57.,-4.6E-02));
#2768 = DIRECTION('',(-0.,-0.,-1.));
#2769 = DIRECTION('',(-0.,-1.,0.));
#2770 = ADVANCED_FACE('',(#2771),#2782,.F.);
#2771 = FACE_BOUND('',#2772,.T.);
#2772 = EDGE_LOOP('',(#2773,#2774,#2780,#2781));
#2773 = ORIENTED_EDGE('',*,*,#2495,.T.);
#2774 = ORIENTED_EDGE('',*,*,#2775,.T.);
#2775 = EDGE_CURVE('',#2496,#2623,#2776,.T.);
#2776 = LINE('',#2777,#2778);
#2777 = CARTESIAN_POINT('',(198.,-57.5,-4.6E-02));
#2778 = VECTOR('',#2779,1.);
#2779 = DIRECTION('',(0.,0.,1.));
#2780 = ORIENTED_EDGE('',*,*,#2622,.F.);
#2781 = ORIENTED_EDGE('',*,*,#2775,.F.);
#2782 = CYLINDRICAL_SURFACE('',#2783,0.5);
#2783 = AXIS2_PLACEMENT_3D('',#2784,#2785,#2786);
#2784 = CARTESIAN_POINT('',(198.,-57.,-4.6E-02));
#2785 = DIRECTION('',(-0.,-0.,-1.));
#2786 = DIRECTION('',(-0.,-1.,0.));
#2787 = ADVANCED_FACE('',(#2788),#2799,.F.);
#2788 = FACE_BOUND('',#2789,.T.);
#2789 = EDGE_LOOP('',(#2790,#2791,#2797,#2798));
#2790 = ORIENTED_EDGE('',*,*,#2506,.T.);
#2791 = ORIENTED_EDGE('',*,*,#2792,.T.);
#2792 = EDGE_CURVE('',#2507,#2634,#2793,.T.);
#2793 = LINE('',#2794,#2795);
#2794 = CARTESIAN_POINT('',(180.,-52.46,-4.6E-02));
#2795 = VECTOR('',#2796,1.);
#2796 = DIRECTION('',(0.,0.,1.));
#2797 = ORIENTED_EDGE('',*,*,#2633,.F.);
#2798 = ORIENTED_EDGE('',*,*,#2792,.F.);
#2799 = CYLINDRICAL_SURFACE('',#2800,0.5);
#2800 = AXIS2_PLACEMENT_3D('',#2801,#2802,#2803);
#2801 = CARTESIAN_POINT('',(180.,-51.96,-4.6E-02));
#2802 = DIRECTION('',(-0.,-0.,-1.));
#2803 = DIRECTION('',(-0.,-1.,0.));
#2804 = ADVANCED_FACE('',(#2805),#2816,.F.);
#2805 = FACE_BOUND('',#2806,.T.);
#2806 = EDGE_LOOP('',(#2807,#2808,#2814,#2815));
#2807 = ORIENTED_EDGE('',*,*,#2517,.T.);
#2808 = ORIENTED_EDGE('',*,*,#2809,.T.);
#2809 = EDGE_CURVE('',#2518,#2645,#2810,.T.);
#2810 = LINE('',#2811,#2812);
#2811 = CARTESIAN_POINT('',(189.,-54.96,-4.6E-02));
#2812 = VECTOR('',#2813,1.);
#2813 = DIRECTION('',(0.,0.,1.));
#2814 = ORIENTED_EDGE('',*,*,#2644,.F.);
#2815 = ORIENTED_EDGE('',*,*,#2809,.F.);
#2816 = CYLINDRICAL_SURFACE('',#2817,0.5);
#2817 = AXIS2_PLACEMENT_3D('',#2818,#2819,#2820);
#2818 = CARTESIAN_POINT('',(189.,-54.46,-4.6E-02));
#2819 = DIRECTION('',(-0.,-0.,-1.));
#2820 = DIRECTION('',(-0.,-1.,0.));
#2821 = ADVANCED_FACE('',(#2822),#2833,.F.);
#2822 = FACE_BOUND('',#2823,.T.);
#2823 = EDGE_LOOP('',(#2824,#2825,#2831,#2832));
#2824 = ORIENTED_EDGE('',*,*,#2528,.T.);
#2825 = ORIENTED_EDGE('',*,*,#2826,.T.);
#2826 = EDGE_CURVE('',#2529,#2656,#2827,.T.);
#2827 = LINE('',#2828,#2829);
#2828 = CARTESIAN_POINT('',(198.,-54.96,-4.6E-02));
#2829 = VECTOR('',#2830,1.);
#2830 = DIRECTION('',(0.,0.,1.));
#2831 = ORIENTED_EDGE('',*,*,#2655,.F.);
#2832 = ORIENTED_EDGE('',*,*,#2826,.F.);
#2833 = CYLINDRICAL_SURFACE('',#2834,0.5);
#2834 = AXIS2_PLACEMENT_3D('',#2835,#2836,#2837);
#2835 = CARTESIAN_POINT('',(198.,-54.46,-4.6E-02));
#2836 = DIRECTION('',(-0.,-0.,-1.));
#2837 = DIRECTION('',(-0.,-1.,0.));
#2838 = ADVANCED_FACE('',(#2839),#2850,.F.);
#2839 = FACE_BOUND('',#2840,.T.);
#2840 = EDGE_LOOP('',(#2841,#2842,#2848,#2849));
#2841 = ORIENTED_EDGE('',*,*,#2539,.T.);
#2842 = ORIENTED_EDGE('',*,*,#2843,.T.);
#2843 = EDGE_CURVE('',#2540,#2667,#2844,.T.);
#2844 = LINE('',#2845,#2846);
#2845 = CARTESIAN_POINT('',(189.,-52.42,-4.6E-02));
#2846 = VECTOR('',#2847,1.);
#2847 = DIRECTION('',(0.,0.,1.));
#2848 = ORIENTED_EDGE('',*,*,#2666,.F.);
#2849 = ORIENTED_EDGE('',*,*,#2843,.F.);
#2850 = CYLINDRICAL_SURFACE('',#2851,0.5);
#2851 = AXIS2_PLACEMENT_3D('',#2852,#2853,#2854);
#2852 = CARTESIAN_POINT('',(189.,-51.92,-4.6E-02));
#2853 = DIRECTION('',(-0.,-0.,-1.));
#2854 = DIRECTION('',(-0.,-1.,0.));
#2855 = ADVANCED_FACE('',(#2856),#2867,.F.);
#2856 = FACE_BOUND('',#2857,.T.);
#2857 = EDGE_LOOP('',(#2858,#2859,#2865,#2866));
#2858 = ORIENTED_EDGE('',*,*,#2550,.T.);
#2859 = ORIENTED_EDGE('',*,*,#2860,.T.);
#2860 = EDGE_CURVE('',#2551,#2678,#2861,.T.);
#2861 = LINE('',#2862,#2863);
#2862 = CARTESIAN_POINT('',(198.,-52.42,-4.6E-02));
#2863 = VECTOR('',#2864,1.);
#2864 = DIRECTION('',(0.,0.,1.));
#2865 = ORIENTED_EDGE('',*,*,#2677,.F.);
#2866 = ORIENTED_EDGE('',*,*,#2860,.F.);
#2867 = CYLINDRICAL_SURFACE('',#2868,0.5);
#2868 = AXIS2_PLACEMENT_3D('',#2869,#2870,#2871);
#2869 = CARTESIAN_POINT('',(198.,-51.92,-4.6E-02));
#2870 = DIRECTION('',(-0.,-0.,-1.));
#2871 = DIRECTION('',(-0.,-1.,0.));
#2872 = ( GEOMETRIC_REPRESENTATION_CONTEXT(3) 
GLOBAL_UNCERTAINTY_ASSIGNED_CONTEXT((#2876)) 
GLOBAL_UNIT_ASSIGNED_CONTEXT((#2873,#2874,#2875)) REPRESENTATION_CONTEXT
('Context #1','3D Context with UNIT and UNCERTAINTY') );
#2873 = ( LENGTH_UNIT() NAMED_UNIT(*) SI_UNIT(.MILLI.,.METRE.) );
#2874 = ( NAMED_UNIT(*) PLANE_ANGLE_UNIT() SI_UNIT($,.RADIAN.) );
#2875 = ( NAMED_UNIT(*) SI_UNIT($,.STERADIAN.) SOLID_ANGLE_UNIT() );
#2876 = UNCERTAINTY_MEASURE_WITH_UNIT(LENGTH_MEASURE(1.E-07),#2873,
  'distance_accuracy_value','confusion accuracy');
#2877 = CONTEXT_DEPENDENT_SHAPE_REPRESENTATION(#2878,#2880);
#2878 = ( REPRESENTATION_RELATIONSHIP('','',#2331,#10) 
REPRESENTATION_RELATIONSHIP_WITH_TRANSFORMATION(#2879) 
SHAPE_REPRESENTATION_RELATIONSHIP() );
#2879 = ITEM_DEFINED_TRANSFORMATION('','',#11,#23);
#2880 = PRODUCT_DEFINITION_SHAPE('Placement','Placement of an item',
  #2881);
#2881 = NEXT_ASSEMBLY_USAGE_OCCURRENCE('3','=>[0:1:1:3]','',#5,#2326,$);
#2882 = PRODUCT_RELATED_PRODUCT_CATEGORY('part',$,(#2328));
#2883 = MECHANICAL_DESIGN_GEOMETRIC_PRESENTATION_REPRESENTATION('',(
    #2884,#2892,#2899,#2906,#2913,#2920,#2927,#2934,#2941,#2948,#2955,
    #2962,#2969,#2976,#2984,#2991,#2998,#3006,#3013,#3020,#3027,#3034,
    #3041,#3048,#3055,#3062,#3069,#3076,#3083,#3090,#3097,#3104,#3111,
    #3118,#3125,#3132,#3139,#3146,#3153,#3160,#3167,#3174,#3181,#3188,
    #3195,#3202,#3209,#3216,#3223,#3230,#3237,#3244,#3251,#3258,#3265,
    #3272,#3279,#3286,#3293,#3300,#3307,#3314,#3321,#3328,#3335,#3342,
    #3349,#3356),#2308);
#2884 = STYLED_ITEM('color',(#2885),#43);
#2885 = PRESENTATION_STYLE_ASSIGNMENT((#2886));
#2886 = SURFACE_STYLE_USAGE(.BOTH.,#2887);
#2887 = SURFACE_SIDE_STYLE('',(#2888));
#2888 = SURFACE_STYLE_FILL_AREA(#2889);
#2889 = FILL_AREA_STYLE('',(#2890));
#2890 = FILL_AREA_STYLE_COLOUR('',#2891);
#2891 = COLOUR_RGB('',0.893999996942,0.890999961016,0.813000030345);
#2892 = STYLED_ITEM('color',(#2893),#102);
#2893 = PRESENTATION_STYLE_ASSIGNMENT((#2894));
#2894 = SURFACE_STYLE_USAGE(.BOTH.,#2895);
#2895 = SURFACE_SIDE_STYLE('',(#2896));
#2896 = SURFACE_STYLE_FILL_AREA(#2897);
#2897 = FILL_AREA_STYLE('',(#2898));
#2898 = FILL_AREA_STYLE_COLOUR('',#2891);
#2899 = STYLED_ITEM('color',(#2900),#127);
#2900 = PRESENTATION_STYLE_ASSIGNMENT((#2901));
#2901 = SURFACE_STYLE_USAGE(.BOTH.,#2902);
#2902 = SURFACE_SIDE_STYLE('',(#2903));
#2903 = SURFACE_STYLE_FILL_AREA(#2904);
#2904 = FILL_AREA_STYLE('',(#2905));
#2905 = FILL_AREA_STYLE_COLOUR('',#2891);
#2906 = STYLED_ITEM('color',(#2907),#160);
#2907 = PRESENTATION_STYLE_ASSIGNMENT((#2908));
#2908 = SURFACE_STYLE_USAGE(.BOTH.,#2909);
#2909 = SURFACE_SIDE_STYLE('',(#2910));
#2910 = SURFACE_STYLE_FILL_AREA(#2911);
#2911 = FILL_AREA_STYLE('',(#2912));
#2912 = FILL_AREA_STYLE_COLOUR('',#2891);
#2913 = STYLED_ITEM('color',(#2914),#185);
#2914 = PRESENTATION_STYLE_ASSIGNMENT((#2915));
#2915 = SURFACE_STYLE_USAGE(.BOTH.,#2916);
#2916 = SURFACE_SIDE_STYLE('',(#2917));
#2917 = SURFACE_STYLE_FILL_AREA(#2918);
#2918 = FILL_AREA_STYLE('',(#2919));
#2919 = FILL_AREA_STYLE_COLOUR('',#2891);
#2920 = STYLED_ITEM('color',(#2921),#210);
#2921 = PRESENTATION_STYLE_ASSIGNMENT((#2922));
#2922 = SURFACE_STYLE_USAGE(.BOTH.,#2923);
#2923 = SURFACE_SIDE_STYLE('',(#2924));
#2924 = SURFACE_STYLE_FILL_AREA(#2925);
#2925 = FILL_AREA_STYLE('',(#2926));
#2926 = FILL_AREA_STYLE_COLOUR('',#2891);
#2927 = STYLED_ITEM('color',(#2928),#235);
#2928 = PRESENTATION_STYLE_ASSIGNMENT((#2929));
#2929 = SURFACE_STYLE_USAGE(.BOTH.,#2930);
#2930 = SURFACE_SIDE_STYLE('',(#2931));
#2931 = SURFACE_STYLE_FILL_AREA(#2932);
#2932 = FILL_AREA_STYLE('',(#2933));
#2933 = FILL_AREA_STYLE_COLOUR('',#2891);
#2934 = STYLED_ITEM('color',(#2935),#252);
#2935 = PRESENTATION_STYLE_ASSIGNMENT((#2936));
#2936 = SURFACE_STYLE_USAGE(.BOTH.,#2937);
#2937 = SURFACE_SIDE_STYLE('',(#2938));
#2938 = SURFACE_STYLE_FILL_AREA(#2939);
#2939 = FILL_AREA_STYLE('',(#2940));
#2940 = FILL_AREA_STYLE_COLOUR('',#2891);
#2941 = STYLED_ITEM('color',(#2942),#277);
#2942 = PRESENTATION_STYLE_ASSIGNMENT((#2943));
#2943 = SURFACE_STYLE_USAGE(.BOTH.,#2944);
#2944 = SURFACE_SIDE_STYLE('',(#2945));
#2945 = SURFACE_STYLE_FILL_AREA(#2946);
#2946 = FILL_AREA_STYLE('',(#2947));
#2947 = FILL_AREA_STYLE_COLOUR('',#2891);
#2948 = STYLED_ITEM('color',(#2949),#308);
#2949 = PRESENTATION_STYLE_ASSIGNMENT((#2950));
#2950 = SURFACE_STYLE_USAGE(.BOTH.,#2951);
#2951 = SURFACE_SIDE_STYLE('',(#2952));
#2952 = SURFACE_STYLE_FILL_AREA(#2953);
#2953 = FILL_AREA_STYLE('',(#2954));
#2954 = FILL_AREA_STYLE_COLOUR('',#2891);
#2955 = STYLED_ITEM('color',(#2956),#348);
#2956 = PRESENTATION_STYLE_ASSIGNMENT((#2957));
#2957 = SURFACE_STYLE_USAGE(.BOTH.,#2958);
#2958 = SURFACE_SIDE_STYLE('',(#2959));
#2959 = SURFACE_STYLE_FILL_AREA(#2960);
#2960 = FILL_AREA_STYLE('',(#2961));
#2961 = FILL_AREA_STYLE_COLOUR('',#2891);
#2962 = STYLED_ITEM('color',(#2963),#479);
#2963 = PRESENTATION_STYLE_ASSIGNMENT((#2964));
#2964 = SURFACE_STYLE_USAGE(.BOTH.,#2965);
#2965 = SURFACE_SIDE_STYLE('',(#2966));
#2966 = SURFACE_STYLE_FILL_AREA(#2967);
#2967 = FILL_AREA_STYLE('',(#2968));
#2968 = FILL_AREA_STYLE_COLOUR('',#2891);
#2969 = STYLED_ITEM('color',(#2970),#603);
#2970 = PRESENTATION_STYLE_ASSIGNMENT((#2971));
#2971 = SURFACE_STYLE_USAGE(.BOTH.,#2972);
#2972 = SURFACE_SIDE_STYLE('',(#2973));
#2973 = SURFACE_STYLE_FILL_AREA(#2974);
#2974 = FILL_AREA_STYLE('',(#2975));
#2975 = FILL_AREA_STYLE_COLOUR('',#2891);
#2976 = STYLED_ITEM('color',(#2977),#620);
#2977 = PRESENTATION_STYLE_ASSIGNMENT((#2978));
#2978 = SURFACE_STYLE_USAGE(.BOTH.,#2979);
#2979 = SURFACE_SIDE_STYLE('',(#2980));
#2980 = SURFACE_STYLE_FILL_AREA(#2981);
#2981 = FILL_AREA_STYLE('',(#2982));
#2982 = FILL_AREA_STYLE_COLOUR('',#2983);
#2983 = COLOUR_RGB('',0.136999991899,0.40200001271,0.726999997272);
#2984 = STYLED_ITEM('color',(#2985),#629);
#2985 = PRESENTATION_STYLE_ASSIGNMENT((#2986));
#2986 = SURFACE_STYLE_USAGE(.BOTH.,#2987);
#2987 = SURFACE_SIDE_STYLE('',(#2988));
#2988 = SURFACE_STYLE_FILL_AREA(#2989);
#2989 = FILL_AREA_STYLE('',(#2990));
#2990 = FILL_AREA_STYLE_COLOUR('',#2891);
#2991 = STYLED_ITEM('color',(#2992),#640);
#2992 = PRESENTATION_STYLE_ASSIGNMENT((#2993));
#2993 = SURFACE_STYLE_USAGE(.BOTH.,#2994);
#2994 = SURFACE_SIDE_STYLE('',(#2995));
#2995 = SURFACE_STYLE_FILL_AREA(#2996);
#2996 = FILL_AREA_STYLE('',(#2997));
#2997 = FILL_AREA_STYLE_COLOUR('',#2891);
#2998 = STYLED_ITEM('color',(#2999),#808);
#2999 = PRESENTATION_STYLE_ASSIGNMENT((#3000));
#3000 = SURFACE_STYLE_USAGE(.BOTH.,#3001);
#3001 = SURFACE_SIDE_STYLE('',(#3002));
#3002 = SURFACE_STYLE_FILL_AREA(#3003);
#3003 = FILL_AREA_STYLE('',(#3004));
#3004 = FILL_AREA_STYLE_COLOUR('',#3005);
#3005 = COLOUR_RGB('',0.823999987314,0.819999987296,0.781000009244);
#3006 = STYLED_ITEM('color',(#3007),#839);
#3007 = PRESENTATION_STYLE_ASSIGNMENT((#3008));
#3008 = SURFACE_STYLE_USAGE(.BOTH.,#3009);
#3009 = SURFACE_SIDE_STYLE('',(#3010));
#3010 = SURFACE_STYLE_FILL_AREA(#3011);
#3011 = FILL_AREA_STYLE('',(#3012));
#3012 = FILL_AREA_STYLE_COLOUR('',#3005);
#3013 = STYLED_ITEM('color',(#3014),#870);
#3014 = PRESENTATION_STYLE_ASSIGNMENT((#3015));
#3015 = SURFACE_STYLE_USAGE(.BOTH.,#3016);
#3016 = SURFACE_SIDE_STYLE('',(#3017));
#3017 = SURFACE_STYLE_FILL_AREA(#3018);
#3018 = FILL_AREA_STYLE('',(#3019));
#3019 = FILL_AREA_STYLE_COLOUR('',#3005);
#3020 = STYLED_ITEM('color',(#3021),#901);
#3021 = PRESENTATION_STYLE_ASSIGNMENT((#3022));
#3022 = SURFACE_STYLE_USAGE(.BOTH.,#3023);
#3023 = SURFACE_SIDE_STYLE('',(#3024));
#3024 = SURFACE_STYLE_FILL_AREA(#3025);
#3025 = FILL_AREA_STYLE('',(#3026));
#3026 = FILL_AREA_STYLE_COLOUR('',#3005);
#3027 = STYLED_ITEM('color',(#3028),#986);
#3028 = PRESENTATION_STYLE_ASSIGNMENT((#3029));
#3029 = SURFACE_STYLE_USAGE(.BOTH.,#3030);
#3030 = SURFACE_SIDE_STYLE('',(#3031));
#3031 = SURFACE_STYLE_FILL_AREA(#3032);
#3032 = FILL_AREA_STYLE('',(#3033));
#3033 = FILL_AREA_STYLE_COLOUR('',#3005);
#3034 = STYLED_ITEM('color',(#3035),#1010);
#3035 = PRESENTATION_STYLE_ASSIGNMENT((#3036));
#3036 = SURFACE_STYLE_USAGE(.BOTH.,#3037);
#3037 = SURFACE_SIDE_STYLE('',(#3038));
#3038 = SURFACE_STYLE_FILL_AREA(#3039);
#3039 = FILL_AREA_STYLE('',(#3040));
#3040 = FILL_AREA_STYLE_COLOUR('',#3005);
#3041 = STYLED_ITEM('color',(#3042),#1088);
#3042 = PRESENTATION_STYLE_ASSIGNMENT((#3043));
#3043 = SURFACE_STYLE_USAGE(.BOTH.,#3044);
#3044 = SURFACE_SIDE_STYLE('',(#3045));
#3045 = SURFACE_STYLE_FILL_AREA(#3046);
#3046 = FILL_AREA_STYLE('',(#3047));
#3047 = FILL_AREA_STYLE_COLOUR('',#3005);
#3048 = STYLED_ITEM('color',(#3049),#1119);
#3049 = PRESENTATION_STYLE_ASSIGNMENT((#3050));
#3050 = SURFACE_STYLE_USAGE(.BOTH.,#3051);
#3051 = SURFACE_SIDE_STYLE('',(#3052));
#3052 = SURFACE_STYLE_FILL_AREA(#3053);
#3053 = FILL_AREA_STYLE('',(#3054));
#3054 = FILL_AREA_STYLE_COLOUR('',#3005);
#3055 = STYLED_ITEM('color',(#3056),#1204);
#3056 = PRESENTATION_STYLE_ASSIGNMENT((#3057));
#3057 = SURFACE_STYLE_USAGE(.BOTH.,#3058);
#3058 = SURFACE_SIDE_STYLE('',(#3059));
#3059 = SURFACE_STYLE_FILL_AREA(#3060);
#3060 = FILL_AREA_STYLE('',(#3061));
#3061 = FILL_AREA_STYLE_COLOUR('',#3005);
#3062 = STYLED_ITEM('color',(#3063),#1228);
#3063 = PRESENTATION_STYLE_ASSIGNMENT((#3064));
#3064 = SURFACE_STYLE_USAGE(.BOTH.,#3065);
#3065 = SURFACE_SIDE_STYLE('',(#3066));
#3066 = SURFACE_STYLE_FILL_AREA(#3067);
#3067 = FILL_AREA_STYLE('',(#3068));
#3068 = FILL_AREA_STYLE_COLOUR('',#3005);
#3069 = STYLED_ITEM('color',(#3070),#1306);
#3070 = PRESENTATION_STYLE_ASSIGNMENT((#3071));
#3071 = SURFACE_STYLE_USAGE(.BOTH.,#3072);
#3072 = SURFACE_SIDE_STYLE('',(#3073));
#3073 = SURFACE_STYLE_FILL_AREA(#3074);
#3074 = FILL_AREA_STYLE('',(#3075));
#3075 = FILL_AREA_STYLE_COLOUR('',#3005);
#3076 = STYLED_ITEM('color',(#3077),#1337);
#3077 = PRESENTATION_STYLE_ASSIGNMENT((#3078));
#3078 = SURFACE_STYLE_USAGE(.BOTH.,#3079);
#3079 = SURFACE_SIDE_STYLE('',(#3080));
#3080 = SURFACE_STYLE_FILL_AREA(#3081);
#3081 = FILL_AREA_STYLE('',(#3082));
#3082 = FILL_AREA_STYLE_COLOUR('',#3005);
#3083 = STYLED_ITEM('color',(#3084),#1368);
#3084 = PRESENTATION_STYLE_ASSIGNMENT((#3085));
#3085 = SURFACE_STYLE_USAGE(.BOTH.,#3086);
#3086 = SURFACE_SIDE_STYLE('',(#3087));
#3087 = SURFACE_STYLE_FILL_AREA(#3088);
#3088 = FILL_AREA_STYLE('',(#3089));
#3089 = FILL_AREA_STYLE_COLOUR('',#3005);
#3090 = STYLED_ITEM('color',(#3091),#1399);
#3091 = PRESENTATION_STYLE_ASSIGNMENT((#3092));
#3092 = SURFACE_STYLE_USAGE(.BOTH.,#3093);
#3093 = SURFACE_SIDE_STYLE('',(#3094));
#3094 = SURFACE_STYLE_FILL_AREA(#3095);
#3095 = FILL_AREA_STYLE('',(#3096));
#3096 = FILL_AREA_STYLE_COLOUR('',#3005);
#3097 = STYLED_ITEM('color',(#3098),#1484);
#3098 = PRESENTATION_STYLE_ASSIGNMENT((#3099));
#3099 = SURFACE_STYLE_USAGE(.BOTH.,#3100);
#3100 = SURFACE_SIDE_STYLE('',(#3101));
#3101 = SURFACE_STYLE_FILL_AREA(#3102);
#3102 = FILL_AREA_STYLE('',(#3103));
#3103 = FILL_AREA_STYLE_COLOUR('',#3005);
#3104 = STYLED_ITEM('color',(#3105),#1508);
#3105 = PRESENTATION_STYLE_ASSIGNMENT((#3106));
#3106 = SURFACE_STYLE_USAGE(.BOTH.,#3107);
#3107 = SURFACE_SIDE_STYLE('',(#3108));
#3108 = SURFACE_STYLE_FILL_AREA(#3109);
#3109 = FILL_AREA_STYLE('',(#3110));
#3110 = FILL_AREA_STYLE_COLOUR('',#3005);
#3111 = STYLED_ITEM('color',(#3112),#1586);
#3112 = PRESENTATION_STYLE_ASSIGNMENT((#3113));
#3113 = SURFACE_STYLE_USAGE(.BOTH.,#3114);
#3114 = SURFACE_SIDE_STYLE('',(#3115));
#3115 = SURFACE_STYLE_FILL_AREA(#3116);
#3116 = FILL_AREA_STYLE('',(#3117));
#3117 = FILL_AREA_STYLE_COLOUR('',#3005);
#3118 = STYLED_ITEM('color',(#3119),#1617);
#3119 = PRESENTATION_STYLE_ASSIGNMENT((#3120));
#3120 = SURFACE_STYLE_USAGE(.BOTH.,#3121);
#3121 = SURFACE_SIDE_STYLE('',(#3122));
#3122 = SURFACE_STYLE_FILL_AREA(#3123);
#3123 = FILL_AREA_STYLE('',(#3124));
#3124 = FILL_AREA_STYLE_COLOUR('',#3005);
#3125 = STYLED_ITEM('color',(#3126),#1702);
#3126 = PRESENTATION_STYLE_ASSIGNMENT((#3127));
#3127 = SURFACE_STYLE_USAGE(.BOTH.,#3128);
#3128 = SURFACE_SIDE_STYLE('',(#3129));
#3129 = SURFACE_STYLE_FILL_AREA(#3130);
#3130 = FILL_AREA_STYLE('',(#3131));
#3131 = FILL_AREA_STYLE_COLOUR('',#3005);
#3132 = STYLED_ITEM('color',(#3133),#1726);
#3133 = PRESENTATION_STYLE_ASSIGNMENT((#3134));
#3134 = SURFACE_STYLE_USAGE(.BOTH.,#3135);
#3135 = SURFACE_SIDE_STYLE('',(#3136));
#3136 = SURFACE_STYLE_FILL_AREA(#3137);
#3137 = FILL_AREA_STYLE('',(#3138));
#3138 = FILL_AREA_STYLE_COLOUR('',#3005);
#3139 = STYLED_ITEM('color',(#3140),#1804);
#3140 = PRESENTATION_STYLE_ASSIGNMENT((#3141));
#3141 = SURFACE_STYLE_USAGE(.BOTH.,#3142);
#3142 = SURFACE_SIDE_STYLE('',(#3143));
#3143 = SURFACE_STYLE_FILL_AREA(#3144);
#3144 = FILL_AREA_STYLE('',(#3145));
#3145 = FILL_AREA_STYLE_COLOUR('',#3005);
#3146 = STYLED_ITEM('color',(#3147),#1821);
#3147 = PRESENTATION_STYLE_ASSIGNMENT((#3148));
#3148 = SURFACE_STYLE_USAGE(.BOTH.,#3149);
#3149 = SURFACE_SIDE_STYLE('',(#3150));
#3150 = SURFACE_STYLE_FILL_AREA(#3151);
#3151 = FILL_AREA_STYLE('',(#3152));
#3152 = FILL_AREA_STYLE_COLOUR('',#3005);
#3153 = STYLED_ITEM('color',(#3154),#1838);
#3154 = PRESENTATION_STYLE_ASSIGNMENT((#3155));
#3155 = SURFACE_STYLE_USAGE(.BOTH.,#3156);
#3156 = SURFACE_SIDE_STYLE('',(#3157));
#3157 = SURFACE_STYLE_FILL_AREA(#3158);
#3158 = FILL_AREA_STYLE('',(#3159));
#3159 = FILL_AREA_STYLE_COLOUR('',#3005);
#3160 = STYLED_ITEM('color',(#3161),#1855);
#3161 = PRESENTATION_STYLE_ASSIGNMENT((#3162));
#3162 = SURFACE_STYLE_USAGE(.BOTH.,#3163);
#3163 = SURFACE_SIDE_STYLE('',(#3164));
#3164 = SURFACE_STYLE_FILL_AREA(#3165);
#3165 = FILL_AREA_STYLE('',(#3166));
#3166 = FILL_AREA_STYLE_COLOUR('',#3005);
#3167 = STYLED_ITEM('color',(#3168),#1872);
#3168 = PRESENTATION_STYLE_ASSIGNMENT((#3169));
#3169 = SURFACE_STYLE_USAGE(.BOTH.,#3170);
#3170 = SURFACE_SIDE_STYLE('',(#3171));
#3171 = SURFACE_STYLE_FILL_AREA(#3172);
#3172 = FILL_AREA_STYLE('',(#3173));
#3173 = FILL_AREA_STYLE_COLOUR('',#3005);
#3174 = STYLED_ITEM('color',(#3175),#1889);
#3175 = PRESENTATION_STYLE_ASSIGNMENT((#3176));
#3176 = SURFACE_STYLE_USAGE(.BOTH.,#3177);
#3177 = SURFACE_SIDE_STYLE('',(#3178));
#3178 = SURFACE_STYLE_FILL_AREA(#3179);
#3179 = FILL_AREA_STYLE('',(#3180));
#3180 = FILL_AREA_STYLE_COLOUR('',#3005);
#3181 = STYLED_ITEM('color',(#3182),#1906);
#3182 = PRESENTATION_STYLE_ASSIGNMENT((#3183));
#3183 = SURFACE_STYLE_USAGE(.BOTH.,#3184);
#3184 = SURFACE_SIDE_STYLE('',(#3185));
#3185 = SURFACE_STYLE_FILL_AREA(#3186);
#3186 = FILL_AREA_STYLE('',(#3187));
#3187 = FILL_AREA_STYLE_COLOUR('',#3005);
#3188 = STYLED_ITEM('color',(#3189),#1923);
#3189 = PRESENTATION_STYLE_ASSIGNMENT((#3190));
#3190 = SURFACE_STYLE_USAGE(.BOTH.,#3191);
#3191 = SURFACE_SIDE_STYLE('',(#3192));
#3192 = SURFACE_STYLE_FILL_AREA(#3193);
#3193 = FILL_AREA_STYLE('',(#3194));
#3194 = FILL_AREA_STYLE_COLOUR('',#3005);
#3195 = STYLED_ITEM('color',(#3196),#1945);
#3196 = PRESENTATION_STYLE_ASSIGNMENT((#3197));
#3197 = SURFACE_STYLE_USAGE(.BOTH.,#3198);
#3198 = SURFACE_SIDE_STYLE('',(#3199));
#3199 = SURFACE_STYLE_FILL_AREA(#3200);
#3200 = FILL_AREA_STYLE('',(#3201));
#3201 = FILL_AREA_STYLE_COLOUR('',#3005);
#3202 = STYLED_ITEM('color',(#3203),#1957);
#3203 = PRESENTATION_STYLE_ASSIGNMENT((#3204));
#3204 = SURFACE_STYLE_USAGE(.BOTH.,#3205);
#3205 = SURFACE_SIDE_STYLE('',(#3206));
#3206 = SURFACE_STYLE_FILL_AREA(#3207);
#3207 = FILL_AREA_STYLE('',(#3208));
#3208 = FILL_AREA_STYLE_COLOUR('',#3005);
#3209 = STYLED_ITEM('color',(#3210),#1969);
#3210 = PRESENTATION_STYLE_ASSIGNMENT((#3211));
#3211 = SURFACE_STYLE_USAGE(.BOTH.,#3212);
#3212 = SURFACE_SIDE_STYLE('',(#3213));
#3213 = SURFACE_STYLE_FILL_AREA(#3214);
#3214 = FILL_AREA_STYLE('',(#3215));
#3215 = FILL_AREA_STYLE_COLOUR('',#3005);
#3216 = STYLED_ITEM('color',(#3217),#1986);
#3217 = PRESENTATION_STYLE_ASSIGNMENT((#3218));
#3218 = SURFACE_STYLE_USAGE(.BOTH.,#3219);
#3219 = SURFACE_SIDE_STYLE('',(#3220));
#3220 = SURFACE_STYLE_FILL_AREA(#3221);
#3221 = FILL_AREA_STYLE('',(#3222));
#3222 = FILL_AREA_STYLE_COLOUR('',#3005);
#3223 = STYLED_ITEM('color',(#3224),#1998);
#3224 = PRESENTATION_STYLE_ASSIGNMENT((#3225));
#3225 = SURFACE_STYLE_USAGE(.BOTH.,#3226);
#3226 = SURFACE_SIDE_STYLE('',(#3227));
#3227 = SURFACE_STYLE_FILL_AREA(#3228);
#3228 = FILL_AREA_STYLE('',(#3229));
#3229 = FILL_AREA_STYLE_COLOUR('',#3005);
#3230 = STYLED_ITEM('color',(#3231),#2015);
#3231 = PRESENTATION_STYLE_ASSIGNMENT((#3232));
#3232 = SURFACE_STYLE_USAGE(.BOTH.,#3233);
#3233 = SURFACE_SIDE_STYLE('',(#3234));
#3234 = SURFACE_STYLE_FILL_AREA(#3235);
#3235 = FILL_AREA_STYLE('',(#3236));
#3236 = FILL_AREA_STYLE_COLOUR('',#3005);
#3237 = STYLED_ITEM('color',(#3238),#2037);
#3238 = PRESENTATION_STYLE_ASSIGNMENT((#3239));
#3239 = SURFACE_STYLE_USAGE(.BOTH.,#3240);
#3240 = SURFACE_SIDE_STYLE('',(#3241));
#3241 = SURFACE_STYLE_FILL_AREA(#3242);
#3242 = FILL_AREA_STYLE('',(#3243));
#3243 = FILL_AREA_STYLE_COLOUR('',#3005);
#3244 = STYLED_ITEM('color',(#3245),#2049);
#3245 = PRESENTATION_STYLE_ASSIGNMENT((#3246));
#3246 = SURFACE_STYLE_USAGE(.BOTH.,#3247);
#3247 = SURFACE_SIDE_STYLE('',(#3248));
#3248 = SURFACE_STYLE_FILL_AREA(#3249);
#3249 = FILL_AREA_STYLE('',(#3250));
#3250 = FILL_AREA_STYLE_COLOUR('',#3005);
#3251 = STYLED_ITEM('color',(#3252),#2066);
#3252 = PRESENTATION_STYLE_ASSIGNMENT((#3253));
#3253 = SURFACE_STYLE_USAGE(.BOTH.,#3254);
#3254 = SURFACE_SIDE_STYLE('',(#3255));
#3255 = SURFACE_STYLE_FILL_AREA(#3256);
#3256 = FILL_AREA_STYLE('',(#3257));
#3257 = FILL_AREA_STYLE_COLOUR('',#3005);
#3258 = STYLED_ITEM('color',(#3259),#2078);
#3259 = PRESENTATION_STYLE_ASSIGNMENT((#3260));
#3260 = SURFACE_STYLE_USAGE(.BOTH.,#3261);
#3261 = SURFACE_SIDE_STYLE('',(#3262));
#3262 = SURFACE_STYLE_FILL_AREA(#3263);
#3263 = FILL_AREA_STYLE('',(#3264));
#3264 = FILL_AREA_STYLE_COLOUR('',#3005);
#3265 = STYLED_ITEM('color',(#3266),#2090);
#3266 = PRESENTATION_STYLE_ASSIGNMENT((#3267));
#3267 = SURFACE_STYLE_USAGE(.BOTH.,#3268);
#3268 = SURFACE_SIDE_STYLE('',(#3269));
#3269 = SURFACE_STYLE_FILL_AREA(#3270);
#3270 = FILL_AREA_STYLE('',(#3271));
#3271 = FILL_AREA_STYLE_COLOUR('',#3005);
#3272 = STYLED_ITEM('color',(#3273),#2107);
#3273 = PRESENTATION_STYLE_ASSIGNMENT((#3274));
#3274 = SURFACE_STYLE_USAGE(.BOTH.,#3275);
#3275 = SURFACE_SIDE_STYLE('',(#3276));
#3276 = SURFACE_STYLE_FILL_AREA(#3277);
#3277 = FILL_AREA_STYLE('',(#3278));
#3278 = FILL_AREA_STYLE_COLOUR('',#3005);
#3279 = STYLED_ITEM('color',(#3280),#2124);
#3280 = PRESENTATION_STYLE_ASSIGNMENT((#3281));
#3281 = SURFACE_STYLE_USAGE(.BOTH.,#3282);
#3282 = SURFACE_SIDE_STYLE('',(#3283));
#3283 = SURFACE_STYLE_FILL_AREA(#3284);
#3284 = FILL_AREA_STYLE('',(#3285));
#3285 = FILL_AREA_STYLE_COLOUR('',#3005);
#3286 = STYLED_ITEM('color',(#3287),#2141);
#3287 = PRESENTATION_STYLE_ASSIGNMENT((#3288));
#3288 = SURFACE_STYLE_USAGE(.BOTH.,#3289);
#3289 = SURFACE_SIDE_STYLE('',(#3290));
#3290 = SURFACE_STYLE_FILL_AREA(#3291);
#3291 = FILL_AREA_STYLE('',(#3292));
#3292 = FILL_AREA_STYLE_COLOUR('',#3005);
#3293 = STYLED_ITEM('color',(#3294),#2163);
#3294 = PRESENTATION_STYLE_ASSIGNMENT((#3295));
#3295 = SURFACE_STYLE_USAGE(.BOTH.,#3296);
#3296 = SURFACE_SIDE_STYLE('',(#3297));
#3297 = SURFACE_STYLE_FILL_AREA(#3298);
#3298 = FILL_AREA_STYLE('',(#3299));
#3299 = FILL_AREA_STYLE_COLOUR('',#3005);
#3300 = STYLED_ITEM('color',(#3301),#2175);
#3301 = PRESENTATION_STYLE_ASSIGNMENT((#3302));
#3302 = SURFACE_STYLE_USAGE(.BOTH.,#3303);
#3303 = SURFACE_SIDE_STYLE('',(#3304));
#3304 = SURFACE_STYLE_FILL_AREA(#3305);
#3305 = FILL_AREA_STYLE('',(#3306));
#3306 = FILL_AREA_STYLE_COLOUR('',#3005);
#3307 = STYLED_ITEM('color',(#3308),#2192);
#3308 = PRESENTATION_STYLE_ASSIGNMENT((#3309));
#3309 = SURFACE_STYLE_USAGE(.BOTH.,#3310);
#3310 = SURFACE_SIDE_STYLE('',(#3311));
#3311 = SURFACE_STYLE_FILL_AREA(#3312);
#3312 = FILL_AREA_STYLE('',(#3313));
#3313 = FILL_AREA_STYLE_COLOUR('',#3005);
#3314 = STYLED_ITEM('color',(#3315),#2204);
#3315 = PRESENTATION_STYLE_ASSIGNMENT((#3316));
#3316 = SURFACE_STYLE_USAGE(.BOTH.,#3317);
#3317 = SURFACE_SIDE_STYLE('',(#3318));
#3318 = SURFACE_STYLE_FILL_AREA(#3319);
#3319 = FILL_AREA_STYLE('',(#3320));
#3320 = FILL_AREA_STYLE_COLOUR('',#3005);
#3321 = STYLED_ITEM('color',(#3322),#2216);
#3322 = PRESENTATION_STYLE_ASSIGNMENT((#3323));
#3323 = SURFACE_STYLE_USAGE(.BOTH.,#3324);
#3324 = SURFACE_SIDE_STYLE('',(#3325));
#3325 = SURFACE_STYLE_FILL_AREA(#3326);
#3326 = FILL_AREA_STYLE('',(#3327));
#3327 = FILL_AREA_STYLE_COLOUR('',#3005);
#3328 = STYLED_ITEM('color',(#3329),#2233);
#3329 = PRESENTATION_STYLE_ASSIGNMENT((#3330));
#3330 = SURFACE_STYLE_USAGE(.BOTH.,#3331);
#3331 = SURFACE_SIDE_STYLE('',(#3332));
#3332 = SURFACE_STYLE_FILL_AREA(#3333);
#3333 = FILL_AREA_STYLE('',(#3334));
#3334 = FILL_AREA_STYLE_COLOUR('',#3005);
#3335 = STYLED_ITEM('color',(#3336),#2255);
#3336 = PRESENTATION_STYLE_ASSIGNMENT((#3337));
#3337 = SURFACE_STYLE_USAGE(.BOTH.,#3338);
#3338 = SURFACE_SIDE_STYLE('',(#3339));
#3339 = SURFACE_STYLE_FILL_AREA(#3340);
#3340 = FILL_AREA_STYLE('',(#3341));
#3341 = FILL_AREA_STYLE_COLOUR('',#3005);
#3342 = STYLED_ITEM('color',(#3343),#2267);
#3343 = PRESENTATION_STYLE_ASSIGNMENT((#3344));
#3344 = SURFACE_STYLE_USAGE(.BOTH.,#3345);
#3345 = SURFACE_SIDE_STYLE('',(#3346));
#3346 = SURFACE_STYLE_FILL_AREA(#3347);
#3347 = FILL_AREA_STYLE('',(#3348));
#3348 = FILL_AREA_STYLE_COLOUR('',#3005);
#3349 = STYLED_ITEM('color',(#3350),#2284);
#3350 = PRESENTATION_STYLE_ASSIGNMENT((#3351));
#3351 = SURFACE_STYLE_USAGE(.BOTH.,#3352);
#3352 = SURFACE_SIDE_STYLE('',(#3353));
#3353 = SURFACE_STYLE_FILL_AREA(#3354);
#3354 = FILL_AREA_STYLE('',(#3355));
#3355 = FILL_AREA_STYLE_COLOUR('',#3005);
#3356 = STYLED_ITEM('color',(#3357),#2296);
#3357 = PRESENTATION_STYLE_ASSIGNMENT((#3358));
#3358 = SURFACE_STYLE_USAGE(.BOTH.,#3359);
#3359 = SURFACE_SIDE_STYLE('',(#3360));
#3360 = SURFACE_STYLE_FILL_AREA(#3361);
#3361 = FILL_AREA_STYLE('',(#3362));
#3362 = FILL_AREA_STYLE_COLOUR('',#3005);
#3363 = MECHANICAL_DESIGN_GEOMETRIC_PRESENTATION_REPRESENTATION('',(
    #3364),#2872);
#3364 = STYLED_ITEM('color',(#3365),#2332);
#3365 = PRESENTATION_STYLE_ASSIGNMENT((#3366));
#3366 = SURFACE_STYLE_USAGE(.BOTH.,#3367);
#3367 = SURFACE_SIDE_STYLE('',(#3368));
#3368 = SURFACE_STYLE_FILL_AREA(#3369);
#3369 = FILL_AREA_STYLE('',(#3370));
#3370 = FILL_AREA_STYLE_COLOUR('',#3371);
#3371 = COLOUR_RGB('',0.313304153717,0.484529207832,0.410020903123);
ENDSEC;
END-ISO-10303-21;
